category_name,category_url
Abfluss-Fee,https://www.dm.de/marken/abfluss-fee-46012
Abtei,https://www.dm.de/marken/abtei-46014
ACE,https://www.dm.de/marken/ace-46044
adidas,https://www.dm.de/marken/adidas-46048
Adonis,https://www.dm.de/marken/adonis-46050
Aeroxon,https://www.dm.de/marken/aeroxon-46064
Afrolocke,https://www.dm.de/marken/afrolocke-54550
AgfaPhoto,https://www.dm.de/marken/agfaphoto-46094
Airwaves,https://www.dm.de/marken/airwaves-46100
AirWick,https://www.dm.de/marken/airwick-46102
Ajona,https://www.dm.de/marken/ajona-47026
ALANA,https://www.dm.de/marken/alana
Albgold,https://www.dm.de/marken/albgold-216550
ALCINA,https://www.dm.de/marken/alcina-47106
Alete bewusst,https://www.dm.de/marken/alete-bewusst
algemarin,https://www.dm.de/marken/algemarin-47124
alkmene,https://www.dm.de/marken/alkmene-47138
Almased,https://www.dm.de/marken/almased-47140
Alpecin,https://www.dm.de/marken/alpecin-47142
alverde MEN,https://www.dm.de/marken/alverde-men
alverde NATURKOSMETIK,https://www.dm.de/marken/alverde-naturkosmetik
always,https://www.dm.de/marken/always
AMORELIE,https://www.dm.de/marken/amorelie-47146
Angelique's Finest,https://www.dm.de/marken/angelique-s-finest-47150
anginetten,https://www.dm.de/marken/anginetten-47152
Anima Aromatics,https://www.dm.de/marken/anima-aromatics-817958
Anti Brumm,https://www.dm.de/marken/anti-brumm-47154
Antikal,https://www.dm.de/marken/antikal-47156
Aok,https://www.dm.de/marken/aok-47158
ApaCare,https://www.dm.de/marken/apacare-47160
Aptamil,https://www.dm.de/marken/aptamil
ARDELL,https://www.dm.de/marken/ardell-47164
Arena,https://www.dm.de/marken/arena-47166
Ariel,https://www.dm.de/marken/ariel
aronal,https://www.dm.de/marken/aronal-47170
Ars Edition,https://www.dm.de/marken/ars-edition-47172
ARTDECO,https://www.dm.de/marken/artdeco
atrix,https://www.dm.de/marken/atrix-47176
Australian BodyCare,https://www.dm.de/marken/australian-bodycare-401246
Autan,https://www.dm.de/marken/autan-47178
AXE,https://www.dm.de/marken/axe
Azzurra,https://www.dm.de/marken/azzurra-47182
b.e. routine,https://www.dm.de/marken/b-e-routine-47028
b&t,https://www.dm.de/marken/b-t-68886
BaByliss,https://www.dm.de/marken/babyliss-68884
babylove,https://www.dm.de/marken/babylove
bac,https://www.dm.de/marken/bac-68882
Bad Heilbrunner,https://www.dm.de/marken/bad-heilbrunner-68880
badedas,https://www.dm.de/marken/badedas-68878
Baldriparan,https://www.dm.de/marken/baldriparan-68876
Balea,https://www.dm.de/marken/balea
Balea Med,https://www.dm.de/marken/balea-med
Balea MEN,https://www.dm.de/marken/balea-men
Balea Professional,https://www.dm.de/marken/balea-professional-216786
Balea Schönheitsgeheimnisse,https://www.dm.de/marken/balea-schoenheitsgeheimnisse-216878
Ballistol,https://www.dm.de/marken/ballistol-68874
Bambinchen,https://www.dm.de/marken/bambinchen-68872
Bambino Mio,https://www.dm.de/marken/bambino-mio-68870
Barebells,https://www.dm.de/marken/barebells-543722
Bärengarten,https://www.dm.de/marken/baerengarten-68866
Barnängen,https://www.dm.de/marken/barnaengen-68864
Bastei Lübbe,https://www.dm.de/marken/bastei-luebbe-68858
batiste,https://www.dm.de/marken/batiste-68856
Bauckhof,https://www.dm.de/marken/bauckhof-68854
Baumhaus,https://www.dm.de/marken/baumhaus-68852
Beadbags,https://www.dm.de/marken/beadbags-68850
Bear Fruits,https://www.dm.de/marken/bear-fruits
Bears with benefits,https://www.dm.de/marken/bears-with-benefits-217488
Beauty Sweeties,https://www.dm.de/marken/beauty-sweeties-68846
beautyblender,https://www.dm.de/marken/beautyblender-217522
BEBA,https://www.dm.de/marken/nestle-beba
bebe,https://www.dm.de/marken/bebe-68844
bebe Young Care,https://www.dm.de/marken/bebe-young-care-68842
bebe Zartpflege,https://www.dm.de/marken/bebe-zartpflege-68840
bebon angel,https://www.dm.de/marken/bebon-angel-68826
Beck Spielwaren,https://www.dm.de/marken/beck-spielwaren-217574
BEE NATURAL,https://www.dm.de/marken/bee-natural-68824
Bel & Bio,https://www.dm.de/marken/bel-bio-68820
Bella Baby Happy,https://www.dm.de/marken/bella-baby-happy-68818
Bella Mamma,https://www.dm.de/marken/bella-mamma-68816
Bell HYPOAllergenic,https://www.dm.de/marken/bell-hypoallergenic-948080
bellybutton,https://www.dm.de/marken/bellybutton-68814
Beltz & Gelberg,https://www.dm.de/marken/beltz-gelberg-68812
Ben&Anna,https://www.dm.de/marken/ben-anna-401346
Bench,https://www.dm.de/marken/bench-68810
Beneful,https://www.dm.de/marken/beneful-68808
Benton,https://www.dm.de/marken/benton-217632
Berchtesgadener Land,https://www.dm.de/marken/berchtesgadener-land-68806
BetterYou,https://www.dm.de/marken/betteryou-217674
Betty Barclay,https://www.dm.de/marken/betty-barclay-68800
Beulco Clean,https://www.dm.de/marken/beulco-clean-895646
BH Cosmetics,https://www.dm.de/marken/bh-cosmetics-68794
BIBS,https://www.dm.de/marken/bibs-1435550
Bi-Oil,https://www.dm.de/marken/bi-oil-68792
Biff,https://www.dm.de/marken/biff-68788
BILLY BOY,https://www.dm.de/marken/billy-boy-68786
bilou,https://www.dm.de/marken/bilou-68784
BIOVEGAN,https://www.dm.de/marken/biovegan
BIO VÉGANE,https://www.dm.de/marken/bio-vegane-52832
BioKat's,https://www.dm.de/marken/biokat-s-68780
Bioniq®,https://www.dm.de/marken/bioniq-625422
Bionicdry,https://www.dm.de/marken/bionicdry-68778
Bioré,https://www.dm.de/marken/biore-68776
BioSaurus,https://www.dm.de/marken/biosaurus-68772
Birkin,https://www.dm.de/marken/birkin-68766
BitterLiebe,https://www.dm.de/marken/bitterliebe-69016
Blaue Helden,https://www.dm.de/marken/blaue-helden
BLCK nature,https://www.dm.de/marken/blck-nature-68764
blend-a-dent,https://www.dm.de/marken/blend-a-dent-68762
blend-a-med,https://www.dm.de/marken/blend-a-med-68760
Blistex,https://www.dm.de/marken/blistex-68758
boep,https://www.dm.de/marken/boep-68750
Bondi Sands,https://www.dm.de/marken/bondi-sands-625436
Botanica by AirWick,https://www.dm.de/marken/botanica-by-airwick-218010
Braun,https://www.dm.de/marken/braun
Bref,https://www.dm.de/marken/bref-68744
BRISK,https://www.dm.de/marken/brisk-68740
Bruno Banani,https://www.dm.de/marken/bruno-banani-68734
Brooklyn Soap Company,https://www.dm.de/marken/brooklyn-soap-company
Bübchen,https://www.dm.de/marken/buebchen
Bubeck ,https://www.dm.de/marken/bubeck-68730
buer,https://www.dm.de/marken/buer-68728
Bugatti,https://www.dm.de/marken/bugatti-1549972
Bünting Tee,https://www.dm.de/marken/buenting-tee-948100
BULLDOG,https://www.dm.de/marken/bulldog
Bullrich,https://www.dm.de/marken/bullrich-68724
Burberry,https://www.dm.de/marken/burberry-586446
Burt's Bees,https://www.dm.de/marken/burt-s-bees-68720
Butchers Son,https://www.dm.de/marken/butchers-son-818002
CACTUS,https://www.dm.de/marken/cactus-218210
Calgon,https://www.dm.de/marken/calgon-47250
Câline,https://www.dm.de/marken/caline-543732
CALITAMEX,https://www.dm.de/marken/calitamex-624540
Calvin Klein,https://www.dm.de/marken/calvin-klein-47252
Camelia,https://www.dm.de/marken/camelia-47254
Campo Verde,https://www.dm.de/marken/campo-verde-218564
cantu,https://www.dm.de/marken/cantu-47256
Caotina,https://www.dm.de/marken/caotina-821212
Carefree,https://www.dm.de/marken/carefree-47258
Carlsen,https://www.dm.de/marken/carlsen-47260
Catrice,https://www.dm.dehttps://www.dm.de/marken/catrice
Cat's Best,https://www.dm.de/marken/cat-s-best-579954
Cats Best Nature,https://www.dm.de/marken/cats-best-nature-221694
CAT'S LOVE,https://www.dm.de/marken/cat-s-love-47280
Cativia,https://www.dm.de/marken/cativia-47282
CATSAN,https://www.dm.de/marken/catsan-47286
catz finefood,https://www.dm.de/marken/catz-finefood-221736
CB12,https://www.dm.de/marken/cb12-47300
CD,https://www.dm.dehttps://www.dm.de/marken/cd
Centrum,https://www.dm.de/marken/centrum-47306
CERACLEN,https://www.dm.de/marken/ceraclen-47308
cerascreen,https://www.dm.de/marken/cerascreen-821248
Cerruti,https://www.dm.de/marken/cerruti-221748
Cesar,https://www.dm.de/marken/cesar-47310
Chaps,https://www.dm.de/marken/chaps-47312
Chewies,https://www.dm.de/marken/chewies-580056
Chloe,https://www.dm.de/marken/chloe-821264
Christina Aguilera,https://www.dm.de/marken/christina-aguilera-47520
Christinen,https://www.dm.de/marken/christinen-47522
Christophorus,https://www.dm.de/marken/christophorus-47524
CL,https://www.dm.de/marken/cl-47526
CLEANmaxx,https://www.dm.de/marken/cleanmaxx-47528
Clearasil,https://www.dm.de/marken/clearasil-47530
Clearblue,https://www.dm.de/marken/clearblue-47532
Clif Bar,https://www.dm.de/marken/clif-bar-225488
Colgate,https://www.dm.de/marken/colgate-47616
Collonil,https://www.dm.de/marken/collonil-821282
COLOR herbalia,https://www.dm.de/marken/color-herbalia-47618
Compeed,https://www.dm.de/marken/compeed-47634
Coppenrath,https://www.dm.de/marken/coppenrath-226248
Coral,https://www.dm.de/marken/coral-47636
Corega,https://www.dm.de/marken/corega-47638
Corwex,https://www.dm.de/marken/corwex-821296
Cosphera,https://www.dm.de/marken/cosphera-226276
Cosrx,https://www.dm.de/marken/cosrx-538056
Cottonelle,https://www.dm.de/marken/cottonelle-47642
Cover Hair,https://www.dm.de/marken/cover-hair
CR7,https://www.dm.de/marken/cr7-47646
Crave,https://www.dm.de/marken/crave-47648
CRAZY inkee,https://www.dm.de/marken/marke-1435672
Credo,https://www.dm.de/marken/credo-47662
Cupper,https://www.dm.de/marken/cupper-47666
Curaprox,https://www.dm.de/marken/curaprox-47668
Daily Soup,https://www.dm.de/marken/daily-soup-48058
Dalli,https://www.dm.de/marken/dalli-48060
Dallmann's,https://www.dm.de/marken/dallmanns-48062
Danke,https://www.dm.de/marken/danke-48064
DanKlorix,https://www.dm.de/marken/danklorix-48066
DANO,https://www.dm.de/marken/dano-226314
Davert,https://www.dm.de/marken/davert-48098
David Beckham,https://www.dm.de/marken/david-beckham-48100
Davidoff,https://www.dm.de/marken/davidoff-48114
Daytox,https://www.dm.de/marken/daytox-48122
Defu,https://www.dm.de/marken/defu-48126
Dein Bestes,https://www.dm.de/marken/dein-bestes
Demak'Up,https://www.dm.de/marken/demak-up-48128
Denkmit,https://www.dm.de/marken/denkmit
Dentagard,https://www.dm.de/marken/dentagard-48130
Dental Delight,https://www.dm.de/marken/dental-delight-48132
Dentalife,https://www.dm.de/marken/dentalife-48134
DenTek,https://www.dm.de/marken/dentek-48136
Dentinox,https://www.dm.de/marken/dentinox-48138
DENTTABS,https://www.dm.de/marken/denttabs-48140
Dentural,https://www.dm.de/marken/dentural-1547846
Der General,https://www.dm.de/marken/der-general-48144
Der original MakeUp Radierer,https://www.dm.de/marken/der-original-makeup-radierer-403870
Dextro Energy,https://www.dm.de/marken/dextro-energy-48148
Dextro Energy Schulstoff,https://www.dm.de/marken/dextro-energy-schulstoff-228588
Diaderma,https://www.dm.de/marken/diaderma-48150
DIADERMINE,https://www.dm.de/marken/diadermine-48156
Dinkel Max,https://www.dm.de/marken/dinkel-max-48160
DK,https://www.dm.de/marken/dk-48164
dmBio,https://www.dm.de/marken/dmbio
Dobensana,https://www.dm.de/marken/dobensana-48168
Dontodent,https://www.dm.de/marken/dontodent
Dogs Best Nature,https://www.dm.de/marken/dogs-best-nature-282628
Dolce&Gabbana,https://www.dm.de/marken/dolce-gabbana-48170
Domestos,https://www.dm.de/marken/domestos-48172
DontoMed,https://www.dm.de/marken/dontomed-48174
Doppelherz,https://www.dm.de/marken/doppelherz
Dorling Kindersley,https://www.dm.de/marken/dorling-kindersley-48178
Dove,https://www.dm.de/marken/dove
Dove MEN+CARE,https://www.dm.de/marken/dove-men-care-68472
Drano,https://www.dm.de/marken/drano-282668
Dr. Beckmann,https://www.dm.de/marken/dr-beckmann-68470
Dr.Best,https://www.dm.de/marken/dr-best
Dr. Bronner's,https://www.dm.de/marken/dr-bronner-s-52788
Dr. Jacoby,https://www.dm.de/marken/dr-jacoby-68464
Dr. Scheller,https://www.dm.de/marken/dr-scheller-52854
Dr. Schumacher,https://www.dm.de/marken/dr-schumacher-405084
Dr.C. Soldan,https://www.dm.de/marken/dr-c-soldan-68456
Dreamies,https://www.dm.de/marken/dreamies-68454
Dreckspatz,https://www.dm.de/marken/dreckspatz-68452
Dresdner Essenz,https://www.dm.de/marken/dresdner-essenz-68448
DryNites,https://www.dm.de/marken/drynites
Duden,https://www.dm.de/marken/duden-68360
DUO,https://www.dm.de/marken/duo-68358
Durex,https://www.dm.de/marken/durex
durgol,https://www.dm.de/marken/durgol-68354
ebelin,https://www.dm.de/marken/ebelin
earlybird coffee,https://www.dm.de/marken/earlybird-coffee-282868
ECOLAND,https://www.dm.de/marken/ecoland-68338
Ecosack,https://www.dm.de/marken/ecosack-1527730
ecover,https://www.dm.de/marken/ecover-68332
Edding,https://www.dm.de/marken/edding-68322
Edition Michael Fischer,https://www.dm.de/marken/edition-michael-fischer-282878
Efalock Professional,https://www.dm.de/marken/efalock-professional-68308
Eichhorn,https://www.dm.de/marken/eichhorn-545806
einhorn,https://www.dm.de/marken/einhorn-68302
einskommafünfgrad,https://www.dm.de/marken/einskommafuenfgrad-1527742
Eisblümerl,https://www.dm.de/marken/eisbluemerl-68296
elmex®,https://www.dm.de/marken/elmex
Elanee,https://www.dm.de/marken/elanee-68290
Elegant Touch,https://www.dm.de/marken/elegant-touch-282918
ellen,https://www.dm.de/marken/ellen-68282
elles,https://www.dm.de/marken/elles-68280
Elnett,https://www.dm.de/marken/elnett-68272
Elsterglanz,https://www.dm.de/marken/elsterglanz-282928
L'Oréal Paris Elvital,https://www.dm.de/marken/elvital
Em-eukal,https://www.dm.de/marken/em-eukal-68268
EMCUR,https://www.dm.de/marken/emcur-68264
Emsal,https://www.dm.de/marken/emsal-282938
Emsan,https://www.dm.de/marken/emsan-68262
Energizer,https://www.dm.de/marken/energizer-68260
Entwicklungsfördernde Produkte,https://www.dm.de/marken/entwicklungsfoerdernde-produkte-68258
Erdal,https://www.dm.de/marken/erdal-68254
ErdmannHAUSER,https://www.dm.de/marken/erdmannhauser-68250
Escapure,https://www.dm.de/marken/escapure-282960
ESN,https://www.dm.de/marken/esn-1561114
essence cosmetics,https://www.dm.dehttps://www.dm.de/marken/essence-cosmetics
essential garden,https://www.dm.de/marken/essential-garden-68234
essie,https://www.dm.de/marken/essie
Everdrop,https://www.dm.de/marken/everdrop-1384538
EXTRA,https://www.dm.de/marken/extra-68218
EXTRA for Kids,https://www.dm.de/marken/extra-for-kids-282992
EXTRA Professional,https://www.dm.de/marken/extra-professional-mints-283044
EXTRA Professional Mints,https://www.dm.de/marken/extra-professional-mints-283044
Eyelure,https://www.dm.de/marken/eylure-545816
EYE MEDICA,https://www.dm.de/marken/eye-medica-821352
Fa,https://www.dm.de/marken/fa-67966
Fairy,https://www.dm.de/marken/fairy-67960
Fascino,https://www.dm.de/marken/fascino
Fashy,https://www.dm.de/marken/fashy-67954
Febreze,https://www.dm.de/marken/febreze-67950
Felix,https://www.dm.de/marken/felix-67944
Fenjal,https://www.dm.de/marken/fenjal-67940
fesh!,https://www.dm.de/marken/fesh-283680
FIDELIO,https://www.dm.de/marken/fidelio-283660
Filges,https://www.dm.de/marken/filges-283650
Final Net,https://www.dm.de/marken/final-net-1451604
finish,https://www.dm.de/marken/finish
Fischer Duden,https://www.dm.de/marken/fischer-duden-67906
Fischer Sauerländer,https://www.dm.de/marken/fischer-sauerlaender--67902
Fisherman's Friend,https://www.dm.de/marken/fisherman-s-friend-67888
fit,https://www.dm.de/marken/fit-67856
Fizzii,https://www.dm.de/marken/fizzii-283630
Flawless,https://www.dm.de/marken/flawless-283620
Flor de Sal d'Es Trenc,https://www.dm.de/marken/flor-de-sal-d-es-trenc-69054
Florena,https://www.dm.de/marken/florena-67792
Foamie,https://www.dm.de/marken/foamie-67732
followfish,https://www.dm.de/marken/followfish-67716
foodloose,https://www.dm.de/marken/foodloose-67548
foodspring,https://www.dm.de/marken/foodspring-67546
Foto Paradies,https://www.dm.de/marken/paradies
Forest Gum,https://www.dm.de/marken/forest-gum-982958
Formoline,https://www.dm.de/marken/formoline-67542
Freche Freunde,https://www.dm.de/marken/freche-freunde-67538
Frosch,https://www.dm.de/marken/frosch
frei Öl,https://www.dm.de/marken/frei-oel-67364
Frolic,https://www.dm.de/marken/frolic-67360
FruchtBar,https://www.dm.de/marken/fruchtbar-66948
FruchtTiger,https://www.dm.de/marken/fruchttiger-66946
FruchtZwerge,https://www.dm.de/marken/fruchtzwerge-66944
Fructis,https://www.dm.de/marken/fructis
Frusano,https://www.dm.de/marken/frusano-66938
FÜR,https://www.dm.de/marken/fuer-283610
Fuji,https://www.dm.de/marken/fuji-66936
Gabriela Sabatini,https://www.dm.de/marken/gabriela-sabatini-67996
Gala,https://www.dm.de/marken/gala-973498
Gard,https://www.dm.de/marken/gard-67994
Garnier,https://www.dm.de/marken/garnier
Garnier Mineral,https://www.dm.de/marken/garnier-mineral-518186
Garnier Skin Naturals,https://www.dm.de/marken/garnier-skin-naturals-518260
Geratherm,https://www.dm.de/marken/geratherm-288032
Gerstenberg,https://www.dm.de/marken/gerstenberg-67942
ghd,https://www.dm.de/marken/ghd-67938
Gillette,https://www.dm.de/marken/gillette
Gillette Satin Care,https://www.dm.de/marken/gillette-satin-care-288042
Gillette Venus,https://www.dm.de/marken/gillette-venus
GIMCAT,https://www.dm.de/marken/gimcat-67904
GIMDOG,https://www.dm.de/marken/gimdog-895660
Giorgio Armani,https://www.dm.de/marken/giorgio-armani-67900
Glade,https://www.dm.de/marken/glade-67894
Gliss Kur,https://www.dm.de/marken/gliss-kur
Glückstier,https://www.dm.de/marken/glueckstier-288052
Glysolid,https://www.dm.de/marken/glysolid-67624
Goldmann,https://www.dm.de/marken/goldmann-67622
Gollnest & Kiesel,https://www.dm.de/marken/gollnest-kiesel-419436
GOURMET,https://www.dm.de/marken/gourmet
green care,https://www.dm.de/marken/green-care-66622
Green Doc,https://www.dm.de/marken/green-doc-66620
Green Petfood,https://www.dm.de/marken/green-petfood-66618
Greendoor,https://www.dm.de/marken/greendoor-66616
GruenerSinnVerlag,https://www.dm.de/marken/gruenersinnverlag-419446
Grünspecht,https://www.dm.de/marken/gruenspecht-66614
GU,https://www.dm.de/marken/gu-66612
Guess,https://www.dm.de/marken/guess-66610
GUHL,https://www.dm.de/marken/guhl-66608
GUM,https://www.dm.de/marken/gum-288132
Guy Laroche,https://www.dm.de/marken/guy-laroche-821366
Hair Biology,https://www.dm.de/marken/hair-biology
Haka,https://www.dm.de/marken/haka-943680
Hammermühle,https://www.dm.de/marken/hammermuehle-66934
Handsan,https://www.dm.de/marken/handsan-66932
handz,https://www.dm.de/marken/handz-895888
Hanfama,https://www.dm.de/marken/hanfama-545854
Hansaplast,https://www.dm.de/marken/hansaplast-66928
Hape,https://www.dm.de/marken/hape-341236
happy rain,https://www.dm.de/marken/happy-rain-66924
happybrush,https://www.dm.de/marken/happybrush-66922
HappyPo,https://www.dm.de/marken/happypo-66920
Hardys Traum,https://www.dm.de/marken/hardys-traum-66918
Hartmann,https://www.dm.de/marken/hartmann-66916
HASK,https://www.dm.de/marken/hask-66914
Hawaiian Tropic,https://www.dm.de/marken/hawaiian-tropic-66910
Head & Shoulders,https://www.dm.de/marken/head-shoulders
Heimatgut,https://www.dm.de/marken/heimatgut-498574
Heitmann,https://www.dm.de/marken/heitmann-66906
Heitmann Pure,https://www.dm.de/marken/heitmann-pure-498716
hej organic,https://www.dm.de/marken/hej-organic-52488
Herbacin,https://www.dm.de/marken/herbacin-66902
Herbatint,https://www.dm.de/marken/herbatint-341256
HerzensHund,https://www.dm.de/marken/herzenshund-66894
Hidrofugal,https://www.dm.de/marken/hidrofugal-66888
Himalaya,https://www.dm.de/marken/himalaya-54750
Hipp,https://www.dm.de/marken/hipp
Hipp Babysanft,https://www.dm.de/marken/hipp
Hipp Mama ,https://www.dm.de/marken/hipp-mama-66522
Hipp Mamasanft,https://www.dm.de/marken/hipp-mamasanft-66520
Hobea,https://www.dm.de/marken/hobea-66516
HOFFMANNS,https://www.dm.de/marken/hoffmanns-66510
Höhle der Löwen,https://www.dm.de/marken/hoehle-der-loewen-66504
Hohes C,https://www.dm.de/marken/hohes-c-1449116
Holle baby food,https://www.dm.de/marken/holle-baby-food-66502
Hormocenta,https://www.dm.de/marken/hormocenta-66496
Hübner,https://www.dm.de/marken/huebner-66490
Huggies,https://www.dm.de/marken/huggies-66454
Huggies Little Swimmers,https://www.dm.de/marken/huggies-little-swimmers-518348
Hugo Boss,https://www.dm.de/marken/hugo-boss-66452
Humana,https://www.dm.de/marken/humana-66450
Humble Brush,https://www.dm.de/marken/humble-brush-66448
HUMYDRY,https://www.dm.de/marken/humydry-66446
Hund und Herrchen,https://www.dm.de/marken/hund-herrchen-66444
Huober,https://www.dm.de/marken/huober-66442
Hydrophil,https://www.dm.de/marken/hydrophil-66440
i + m Naturkosmetik Berlin,https://www.dm.de/marken/i-m-naturkosmetik-berlin-52490
IAMS,https://www.dm.de/marken/iams-66434
IBONS,https://www.dm.de/marken/ibons-66426
iChoc,https://www.dm.de/marken/ichoc-66422
Imprägnol,https://www.dm.de/marken/impraegnol-66414
Impresan,https://www.dm.de/marken/impresan-66410
Impulse,https://www.dm.de/marken/impulse-66408
INSTI,https://www.dm.de/marken/insti-66404
invisibobble,https://www.dm.de/marken/invisibobble
ipuro,https://www.dm.de/marken/ipuro-66400
isla,https://www.dm.de/marken/isla-66398
Ivorell,https://www.dm.de/marken/ivorell
IvyBears,https://www.dm.de/marken/ivybears-66392
Jaguar,https://www.dm.de/marken/jaguar-66480
James Bond 007,https://www.dm.de/marken/james-bond-007-66476
Javel,https://www.dm.de/marken/javel-821612
Jean & Len Alchimiste,https://www.dm.de/marken/jean-len-alchemiste-66474
Jean-Paul Gaultier,https://www.dm.de/marken/jean-paul-gaultier-66470
Jean&Len,https://www.dm.de/marken/jean-len-66468
Jessa,https://www.dm.de/marken/jessa
Jessa Diskret,https://www.dm.de/marken/jessa/jessa-diskret-66438
Jil Sander,https://www.dm.de/marken/jil-sander-66436
John Frieda,https://www.dm.de/marken/john-frieda
John Player Special,https://www.dm.de/marken/john-player-special-341996
Jolifine,https://www.dm.de/marken/jolifine-668438
JollyPaw,https://www.dm.de/marken/jollypaw-821674
Joop,https://www.dm.de/marken/joop-66428
JosiCat,https://www.dm.de/marken/josicat-420018
JosiDog,https://www.dm.de/marken/josidog-420082
Jovan,https://www.dm.de/marken/jovan-66424
Judith Williams,https://www.dm.de/marken/judith-williams
Juniper Lane,https://www.dm.de/marken/juniper-lane-66412
Juwelkerzen,https://www.dm.de/marken/juwelkerzen-66374
Käthe Kruse,https://www.dm.de/marken/kaethe-kruse-357376
Kaiser,https://www.dm.de/marken/kaiser-66390
Kaiser Natron,https://www.dm.de/marken/kaiser-natron-66388
Kamill,https://www.dm.de/marken/kamill-66386
Kappus,https://www.dm.de/marken/kappus-895898
KAREX,https://www.dm.de/marken/karex-66376
Karl Lagerfeld,https://www.dm.de/marken/karl-lagerfeld-66372
Katerfly,https://www.dm.de/marken/katerfly-66368
KatzenLiebe,https://www.dm.de/marken/katzenliebe-66366
Kaufmann's,https://www.dm.de/marken/kaufmann-s-66364
Keralock,https://www.dm.de/marken/keralock-66362
KiMiFiNNe,https://www.dm.de/marken/kimifinne-948140
Kinder Em-eukal,https://www.dm.de/marken/kinder-em-eukal-66354
Kindsgut,https://www.dm.de/marken/kindsgut-821776
King C. Gillette,https://www.dm.de/marken/king-c-gillette-357688
Kinzel Verlag,https://www.dm.de/marken/kinzel-verlag-423116
kitekat,https://www.dm.de/marken/kitekat-66350
Klairs,https://www.dm.de/marken/klairs-538094
Klax,https://www.dm.de/marken/klax-66330
Kleenex,https://www.dm.de/marken/kleenex-66328
Klettenwurzel,https://www.dm.de/marken/klettenwurzel-66316
Klosterfrau,https://www.dm.de/marken/klosterfrau-66314
Kneipp,https://www.dm.de/marken/kneipp
Kneipp Naturkind,https://www.dm.de/marken/kneipp-naturkind-972998
Knobi-Vital,https://www.dm.de/marken/knobi-vital-66310
koawach,https://www.dm.de/marken/koawach-66308
Kodak,https://www.dm.de/marken/kodak-66306
Kögler,https://www.dm.de/marken/koegler-423128
Körner Manufaktur,https://www.dm.de/marken/koerner-manufaktur-821922
Kösel,https://www.dm.de/marken/koesel-66298
Kölln,https://www.dm.de/marken/koelln-66304
KONGY,https://www.dm.de/marken/kongy-66302
Kookie Cat,https://www.dm.de/marken/kookie-cat-971586
KoRo,https://www.dm.de/marken/koro-821934
Kühne,https://www.dm.de/marken/kuehne-66296
Kukident,https://www.dm.de/marken/kukident-66292
Kuschelweich,https://www.dm.de/marken/kuschelweich-423172
La Riché Directions,https://www.dm.de/marken/la-riche-directions-66038
Langhaarmädchen,https://www.dm.de/marken/langhaarmaedchen
Lavera,https://www.dm.de/marken/lavera
Lenor,https://www.dm.de/marken/lenor
LITTLE STEPS,https://www.dm.de/marken/little-steps
L.O.V,https://www.dm.de/marken/l-o-v-66356
Love Nature,https://www.dm.de/marken/love-nature
L'ORÉAL PARIS,https://www.dm.de/marken/l-oreal-paris
L'ORÉAL PARIS BONATICALS FRESH CARE,https://www.dm.de/marken/l-oreal-botanicals-fresh-care-66352
L'ORÉAL PARIS CASTING CREME GLOSS,https://www.dm.de/marken/casting-creme-gloss-47264
L'ORÉAL PARIS  EXCELLENCE CREME,https://www.dm.de/marken/excellence-68222
L'ORÉAL PARIS MAGIC RETOUCH,https://www.dm.de/marken/magic-retouch-66004
L'ORÉAL PARiS MEN EXPERT,https://www.dm.de/marken/l-oreal-men-expert-66348
L'Oréal Paris Préférence,https://www.dm.de/marken/l-oreal-paris-preference-882318
L'ORÉAL PARIS STUDIO LINE,https://www.dm.de/marken/l-oreal-studio-line-66102
LA RIVE,https://www.dm.de/marken/la-rive-66036
Labello,https://www.dm.de/marken/labello-66034
Lacalut,https://www.dm.de/marken/lacalut-66032
Lacoste,https://www.dm.de/marken/lacoste-217440
Ladival,https://www.dm.de/marken/ladival-66030
Lancôme,https://www.dm.de/marken/lancome-826882
Lansinoh,https://www.dm.de/marken/lasinoh-45412
Larnac,https://www.dm.de/marken/larnac-66026
Layenberger,https://www.dm.de/marken/layenberger-66022
Layenberger Fit+Feelgood,https://www.dm.de/marken/layenberger-fit-feelgood-66018
Layenberger LowCarb.one,https://www.dm.de/marken/layenberger-lowcarb-one-65966
Lebepur,https://www.dm.de/marken/lebepur-65668
Lefax,https://www.dm.de/marken/lefax-65658
Lillydoo,https://www.dm.de/marken/lillydoo-65558
Linda,https://www.dm.de/marken/linda-65546
Lindenpartner,https://www.dm.de/marken/lindenpartner-1001030
Listerine,https://www.dm.de/marken/listerine-65536
Litamin,https://www.dm.de/marken/litamin-65528
LOOKS by Wolfgang Joop,https://www.dm.de/marken/looks-by-wolfgang-joop-545882
Loovara Intimate GmbH,https://www.dm.de/marken/loovara-intimate-gmbh-1435688
Lotao Deli,https://www.dm.de/marken/lotao-deli-65460
LOV&ED,https://www.dm.de/marken/lov-ed-65434
Love Affair,https://www.dm.de/marken/love-affair-217476
Löwenzahn Organics,https://www.dm.de/marken/loewenzahn-organics-65412
Lübbe Audio,https://www.dm.de/marken/luebbe-audio-65392
lumilu,https://www.dm.de/marken/lumilu-897296
Luvos,https://www.dm.de/marken/luvos-52950
Lux,https://www.dm.de/marken/lux-65354
Lykon,https://www.dm.de/marken/lykon-1497014
Mabyen,https://www.dm.de/marken/mabyen-66008
Madaus & Lauscher,https://www.dm.de/marken/madaus-lauscher-827140
MAM,https://www.dm.de/marken/mam-66000
MANHATTAN,https://www.dm.de/marken/manhattan
Manhattan Clearface,https://www.dm.de/marken/manhattan-clearface-65994
Magic Retouch,https://www.dm.de/marken/magic-retouch-66004
Magnesium Verla,https://www.dm.de/marken/magnesium-verla-66002
Mara,https://www.dm.de/marken/mara-65992
Mara Naturkosmetik,https://www.dm.de/marken/mara-naturkosmetik-501436
Marco Polo,https://www.dm.de/marken/marco-polo-69058
Max Factor,https://www.dm.de/marken/max-factor
MAXXMEE,https://www.dm.de/marken/maxxmee-897418
Maybelline,https://www.dm.de/marken/maybelline
Medela,https://www.dm.de/marken/medela-65982
Medisana,https://www.dm.de/marken/medisana-65980
MeDusch,https://www.dm.de/marken/medusch-518372
Meister Proper,https://www.dm.de/marken/meister-proper-65972
Melitta,https://www.dm.de/marken/melitta-65968
MELLERUD,https://www.dm.de/marken/mellerud-1496498
Menoelle,https://www.dm.de/marken/menoelle-65960
Mentisan,https://www.dm.de/marken/mentisan-65942
Mentos,https://www.dm.de/marken/mentos-65848
Meridian,https://www.dm.de/marken/meridian-549084
meridol,https://www.dm.de/marken/meridol-65844
Merula,https://www.dm.de/marken/merula-65766
Merz spezial,https://www.dm.de/marken/merz-spezial-265150
Meßmer,https://www.dm.de/marken/messmer-65758
Mexx,https://www.dm.de/marken/mexx-69064
Michalsky,https://www.dm.de/marken/michalsky-65690
Micro Cell,https://www.dm.de/marken/micro-cell-65686
Mikk-Line,https://www.dm.de/marken/mikk-line-1561104
Milasan,https://www.dm.de/marken/milasan-65684
Milupa,https://www.dm.de/marken/milupa-65682
Minimus,https://www.dm.de/marken/minimus-65680
Miomojo,https://www.dm.de/marken/miomojo-65302
Missha,https://www.dm.de/marken/missha-65234
Mivolis,https://www.dm.de/marken/mivolis
MIWIAM,https://www.dm.de/marken/miwiam-423344
Mixa,https://www.dm.de/marken/mixa-65226
MOGLi,https://www.dm.de/marken/mogli-65220
Moltex,https://www.dm.de/marken/moltex-65218
MOЙ,https://www.dm.de/marken/mon
Monulux,https://www.dm.de/marken/monulux-65188
Mouson,https://www.dm.de/marken/mouson-549134
Moskinto,https://www.dm.de/marken/moskinto-65176
Motherhood,https://www.dm.de/marken/motherhood-65172
MP Biomedicals,https://www.dm.de/marken/mp-biomedicals-668466
Mr. Muscle,https://www.dm.de/marken/mr-muscle-65170
Mühle,https://www.dm.de/marken/muehle-65152
Müller Licht,https://www.dm.de/marken/mueller-licht-65142
Multaben,https://www.dm.de/marken/multaben-65062
Multi-Gyn,https://www.dm.de/marken/multi-gyn-64860
MULTI-MAM,https://www.dm.de/marken/multi-mam-64858
MYLAQ,https://www.dm.de/marken/mylaq-674786
My-CoffeeCup,https://www.dm.de/marken/my-coffeecup-265264
N.A!,https://www.dm.de/marken/n-a-64038
Naduria,https://www.dm.de/marken/naduria-64034
naif,https://www.dm.de/marken/naif-1432030
NanoRepro,https://www.dm.de/marken/nanorepro-264834
Naomi Campbell,https://www.dm.de/marken/naomi-campbell-64030
Natamil,https://www.dm.de/marken/natamil-264844
Natumi,https://www.dm.de/marken/natumi-1543238
Natural Basics,https://www.dm.de/marken/natural-basics-64026
Naturally PAM,https://www.dm.de/marken/naturally-pam-664620
Naturana,https://www.dm.de/marken/naturana-64022
Nature Box,https://www.dm.de/marken/nature-box
Nature Love,https://www.dm.de/marken/nature-love-64014
Naty,https://www.dm.de/marken/naty-64006
nenedent,https://www.dm.de/marken/nenedent-63806
Neonail,https://www.dm.de/marken/neonail-936878
Neril,https://www.dm.de/marken/neril-63804
Nestlé BEBA,https://www.dm.de/marken/nestle-beba
Nestlé CERELAC,https://www.dm.de/marken/nestle-cerelac-423360
Neutrogena®,https://www.dm.de/marken/neutrogena
Nexa Lotte,https://www.dm.de/marken/nexa-lotte-63798
NIKIDOM,https://www.dm.de/marken/nikidom-902482
Ninjamas,https://www.dm.de/marken/ninjamas-1547750
Nip,https://www.dm.de/marken/nip-63790
NIVEA,https://www.dm.de/marken/nivea
NIVEA BABY,https://www.dm.de/marken/nivea/kategorie-baby-264884
NIVEA MEN,https://www.dm.de/marken/nivea-men-63788
NIVEA SUN,https://www.dm.de/marken/nivea-sun-63780
Nonchalance,https://www.dm.de/marken/nonchalance-63654
Nosefrida,https://www.dm.de/marken/nosefrida-63650
NOT GUILTY,https://www.dm.de/marken/not-guilty-973390
Nø Cosmetics,https://www.dm.dehttps://www.dm.de/marken/no-cosmetics-63776
Nø more hair,https://www.dm.de/marken/no-more-hair-827210
Nuby,https://www.dm.de/marken/nuby-63534
nucao,https://www.dm.de/marken/nucao-63532
NUK,https://www.dm.de/marken/nuk
numove,https://www.dm.de/marken/numove-827266
Nutrisse,https://www.dm.de/marken/nutrisse-58512
Nutrisse Highlights-Set,https://www.dm.de/marken/nutrisse-highlights-set-264894
NYX Professional Makeup,https://www.dm.de/marken/nyx-professional-makeup
o.b.,https://www.dm.de/marken/o-b-54574
Oatly,https://www.dm.de/marken/oatly-264306
Oatsome,https://www.dm.de/marken/oatsome-54576
octenisept,https://www.dm.de/marken/octenisept-54578
Odol,https://www.dm.de/marken/odol-54582
Odol med 3,https://www.dm.de/marken/odol-med-3-54586
Odorex,https://www.dm.de/marken/odorex-264368
Oetinger,https://www.dm.de/marken/oetinger-54588
OGX,https://www.dm.de/marken/ogx
Ohropax,https://www.dm.de/marken/ohropax-54592
Olbas,https://www.dm.de/marken/olbas-54598
Old Spice,https://www.dm.de/marken/old-spice-54600
Olay,https://www.dm.de/marken/olay
Olia,https://www.dm.de/marken/olia-54602
One Drop Only,https://www.dm.de/marken/one-drop-only-54552
Oral-B,https://www.dm.de/marken/oral-b
Orbit,https://www.dm.de/marken/orbit-54612
OrganicVet ,https://www.dm.de/marken/organicvet-54614
Organyc,https://www.dm.de/marken/organyc-54618
ORINIQ,https://www.dm.de/marken/oriniq-501444
Otto Kern,https://www.dm.de/marken/otto-kern-54660
Outdoor Freakz,https://www.dm.de/marken/outdoor-freakz-54662
Ovomaltine,https://www.dm.de/marken/ovomaltine-54664
Ovy,https://www.dm.de/marken/ovy-54670
oyess,https://www.dm.de/marken/oyess-1166432
O'Keeffe's,https://www.dm.de/marken/o-keeffe-s
PAEDIPROTECT,https://www.dm.de/marken/paediprotect
Pampers,https://www.dm.de/marken/pampers
Pantene Pro-V,https://www.dm.de/marken/pantene-pro-v
Palmolive,https://www.dm.de/marken/palmolive-48712
Paradies,https://www.dm.de/marken/paradies
Parodontax,https://www.dm.de/marken/parodontax
Pattloch,https://www.dm.de/marken/pattloch-48730
Pedigree,https://www.dm.de/marken/pedigree-48788
Pelzy,https://www.dm.de/marken/pelzy-48790
PENATEN,https://www.dm.de/marken/penaten
PERFECT FIT,https://www.dm.de/marken/perfect-fit-48794
Perlweiss,https://www.dm.de/marken/perlweiss-48796
Persil,https://www.dm.de/marken/persil
Perwoll,https://www.dm.de/marken/perwoll-48804
Pets Deli,https://www.dm.de/marken/pets-deli-1382026
Pet Teezer,https://www.dm.de/marken/pet-teezer-48806
Philips,https://www.dm.dehttps://www.dm.de/marken/philips-sonicare
Philips Avent,https://www.dm.de/marken/philips-avent
Philips OneBlade,https://www.dm.de/marken/philips-oneblade
PIKOSCH,https://www.dm.de/marken/pikosch-52514
Pilca,https://www.dm.de/marken/pilca-52516
Pinolino,https://www.dm.de/marken/pinolino-231802
Piper,https://www.dm.de/marken/piper-52518
Pitralon,https://www.dm.de/marken/pitralon-52520
Planet Pure,https://www.dm.de/marken/planet-pure-52530
Plant-for-the-Planet,https://www.dm.de/marken/plant-for-the-planet-52548
Plantur,https://www.dm.de/marken/plantur-52550
Playboy,https://www.dm.de/marken/playboy-52552
Playboy MEN,https://www.dm.de/marken/playboy-men-52554
playbrush,https://www.dm.de/marken/playbrush-1047794
Poliboy,https://www.dm.de/marken/poliboy-52558
Poly Cremehaarfarbe,https://www.dm.de/marken/poly-cremehaarfarbe-231346
Poly Palette,https://www.dm.de/marken/poly-palette-231312
Poly Swing,https://www.dm.de/marken/poly-swing-52560
Ponyhütchen,https://www.dm.de/marken/ponyhuetchen-52562
PowerBar,https://www.dm.de/marken/powerbar-52564
PowerSystem,https://www.dm.de/marken/powersystem-52566
PPURA,https://www.dm.de/marken/ppura
Prada,https://www.dm.de/marken/prada-52598
Premium Cosmetics,https://www.dm.de/marken/premium-cosmetics-973372
PreSense,https://www.dm.de/marken/presense-52602
Pril,https://www.dm.de/marken/pril-52604
Primox,https://www.dm.de/marken/primox-231280
Priorin,https://www.dm.de/marken/priorin-52606
Profissimo,https://www.dm.de/marken/profissimo
Profutura mama,https://www.dm.de/marken/profutura-mama-52608
Proraso,https://www.dm.de/marken/proraso-52610
Protefix,https://www.dm.de/marken/protefix-52612
Provamel,https://www.dm.de/marken/provamel-52614
PUFFIN,https://www.dm.de/marken/puffin-52616
Pulli Kamm,https://www.dm.de/marken/pulli-kamm-52618
Pulmoll,https://www.dm.de/marken/pulmoll-52620
pumpkin organics,https://www.dm.de/marken/pumpkin-organics-230782
PURBELLO,https://www.dm.de/marken/purbello-230722
PURINA ONE,https://www.dm.de/marken/purina-one-52654
PUSBLU,https://www.dm.de/marken/pusblu
Q-tips,https://www.dm.de/marken/q-tips-230692
Queens United,https://www.dm.de/marken/queens-united-48532
Rabenhorst,https://www.dm.de/marken/rabenhorst-48474
Raid,https://www.dm.de/marken/raid-48476
Raid Essentials,https://www.dm.de/marken/raid-essentials-1547942
Rapid white,https://www.dm.de/marken/rapid-white-48478
Rascal+Friends,https://www.dm.de/marken/rascal-friends-230682
Ravensburger,https://www.dm.de/marken/ravensburger-48480
raw bite,https://www.dm.de/marken/raw-bite-48484
REAL TECHNIQUES,https://www.dm.de/marken/real-techniques-48486
REBELICIOUS,https://www.dm.de/marken/rebelicious-230526
réell'e,https://www.dm.de/marken/reelle
réell'e EXPERT,https://www.dm.de/marken/reelle-expert
Reer,https://www.dm.de/marken/reer-48492
Rei,https://www.dm.de/marken/rei-48494
Remington,https://www.dm.de/marken/remington-48498
Retterspitz,https://www.dm.de/marken/retterspitz-48502
Rexona,https://www.dm.de/marken/rexona
Rexona men,https://www.dm.de/marken/rexona-men-48506
Rheila,https://www.dm.de/marken/rheila-48508
Rheumaplast,https://www.dm.de/marken/rheumaplast-48510
Ricola,https://www.dm.de/marken/ricola-48512
Ritex,https://www.dm.de/marken/ritex-48518
Robbyrob,https://www.dm.de/marken/robbyrob-630028
Rösch,https://www.dm.de/marken/roesch-425236
Rokitta’s,https://www.dm.de/marken/rokitta-s-425216
rorax,https://www.dm.de/marken/rorax-48520
Rosense,https://www.dm.de/marken/rosense-48522
Rotbäckchen,https://www.dm.de/marken/rotbaeckchen-48524
rotho Babydesign,https://www.dm.de/marken/rotho-babydesign-48526
Rowohlt Verlag,https://www.dm.de/marken/rowohlt-verlag-48528
RR Plus,https://www.dm.de/marken/rr-plus-425246
Rummo,https://www.dm.de/marken/rummo-630046
s.Oliver,https://www.dm.de/marken/s-oliver-47492
Saftwerk,https://www.dm.de/marken/saftwerk-47494
Sagrotan,https://www.dm.de/marken/sagrotan
Sal La Mallorquina,https://www.dm.de/marken/sal-la-mallorquina-47500
Salthouse,https://www.dm.de/marken/salthouse-47504
Salus,https://www.dm.de/marken/salus-47506
Salviagalen,https://www.dm.de/marken/salviagalen-47508
Sanft&Sicher,https://www.dm.de/marken/sanft-sicher
Sanostol,https://www.dm.de/marken/sanostol-47512
sanotact,https://www.dm.de/marken/sanotact-47840
SANTE,https://www.dm.de/marken/sante
Saphir,https://www.dm.de/marken/saphir-47844
Sapur,https://www.dm.de/marken/sapur-47846
Satina,https://www.dm.de/marken/satina-47848
SauBär,https://www.dm.de/marken/saubaer
Sauberkugel,https://www.dm.de/marken/sauberkugel-47852
Saugstark&Sicher,https://www.dm.de/marken/saugstark-sicher
Schaebens,https://www.dm.de/marken/schaebens-47856
Schauma,https://www.dm.de/marken/schauma
Schär,https://www.dm.de/marken/schaer-47858
Schesir,https://www.dm.de/marken/schesir-501474
Schnitzer,https://www.dm.de/marken/schnitzer-630060
Scholl,https://www.dm.de/marken/scholl-47860
Schott Music,https://www.dm.de/marken/schott-music-425266
Schwarzkopf 3 Wetter taft,https://www.dm.de/marken/schwarzkopf-3-wetter-taft-47864
Schwarzkopf Blonde,https://www.dm.de/marken/schwarzkopf-blonde-47866
Schwarzkopf Brillance,https://www.dm.de/marken/schwarzkopf-brillance-47868
Schwarzkopf Country Colors,https://www.dm.de/marken/schwarzkopf-country-colors-47870
Schwarzkopf Diadem,https://www.dm.de/marken/schwarzkopf-diadem-47872
Schwarzkopf Gliss Kur,https://www.dm.de/marken/gliss-kur
Schwarzkopf got2b,https://www.dm.de/marken/got2b
Schwarzkopf Men Perfect,https://www.dm.de/marken/schwarzkopf-men-perfect-47878
Schwarzkopf Perfect Mousse,https://www.dm.de/marken/schwarzkopf-perfect-mousse-47880
Schwarzkopf Re-Nature,https://www.dm.de/marken/schwarzkopf-re-nature-47884
Schwarzkopf Seborin,https://www.dm.de/marken/schwarzkopf-seborin-47888
Scrub Daddy,https://www.dm.de/marken/scrub-daddy-47892
sebamed,https://www.dm.de/marken/sebamed
sebamed baby,https://www.dm.de/marken/sebamed-baby-519508
Seeberger,https://www.dm.de/marken/seeberger
Seepje,https://www.dm.de/marken/seepje-553974
Sei Design,https://www.dm.de/marken/sei-design-47900
SEINZ.,https://www.dm.de/marken/seinz
Seitz glutenfrei,https://www.dm.de/marken/seitz-glutenfrei-48190
Selecta,https://www.dm.de/marken/selecta-48250
SELENACARE,https://www.dm.de/marken/selenacare-1454390
Selfie Project,https://www.dm.de/marken/selfie-project-973300
Sensodyne,https://www.dm.de/marken/sensodyne
Seepje,https://www.dm.de/marken/seepje-553974
Sesamstraße,https://www.dm.de/marken/sesamstrasse-1166402
share,https://www.dm.de/marken/share
Shape Republic,https://www.dm.de/marken/shape-republic-47908
Sheba,https://www.dm.de/marken/sheba-47912
Shefoot,https://www.dm.de/marken/shefoot-47914
Shield N,https://www.dm.de/marken/shield-n-668594
SHEKO,https://www.dm.de/marken/sheko-1166414
SHOCKWAVES,https://www.dm.de/marken/shockwaves-47918
Sidolin,https://www.dm.de/marken/sidolin-47922
Signal,https://www.dm.de/marken/signal
Sil,https://www.dm.de/marken/sil-47928
Signal,https://www.dm.de/marken/signal
Simplicol,https://www.dm.de/marken/simplicol-47998
Skin Stories,https://www.dm.de/marken/skin-stories-230066
Smelties,https://www.dm.de/marken/smelties-229980
Smint,https://www.dm.de/marken/smint-48002
Soapland,https://www.dm.de/marken/soapland-48004
Sodastream,https://www.dm.de/marken/sodastream-586304
Soft&Sicher,https://www.dm.de/marken/soft-sicher
Softlan,https://www.dm.de/marken/softlan-48006
SolvaCare,https://www.dm.de/marken/solvacare-48012
Somat,https://www.dm.de/marken/somat-48014
SOMMER,https://www.dm.de/marken/sommer-48016
SOS,https://www.dm.de/marken/sos-48018
SOUVERÄN,https://www.dm.de/marken/souveraen-630088
Spee,https://www.dm.de/marken/spee-48020
Speick,https://www.dm.de/marken/speick-48022
Spicebar,https://www.dm.de/marken/spicebar-48270
Spielstabil,https://www.dm.de/marken/spielstabil-229950
Spilanthox therapy,https://www.dm.de/marken/spilanthox-therapy-48024
Spirit of,https://www.dm.de/marken/spirit-of-48026
Spontex,https://www.dm.de/marken/spontex-48028
Sportness,https://www.dm.de/marken/sportness
Squiz,https://www.dm.de/marken/squiz-48030
St. Moriz,https://www.dm.de/marken/st-moriz-48280
Stadt Land blüht,https://www.dm.de/marken/stadt-land-blueht-48032
Styx,https://www.dm.de/marken/styx-48038
SUMMERSAVER,https://www.dm.de/marken/summersaver-827416
SunDance,https://www.dm.de/marken/sundance
Svenja Walberg,https://www.dm.de/marken/svenja-walberg-48042
Swiffer,https://www.dm.de/marken/swiffer-48044
Swirl,https://www.dm.de/marken/swirl
Swiss-o-Par,https://www.dm.de/marken/swiss-o-par-48050
syNeo,https://www.dm.de/marken/syneo-48052
Syoss,https://www.dm.de/marken/syoss
Syoss Oleo Intense,https://www.dm.de/marken/syoss-oleo-intense-48056
S-Quito,https://www.dm.de
t by tetesept,https://www.dm.de/marken/t-by-tetesept-47184
t.o.c,https://www.dm.de/marken/t-o-c-47186
Tabac Man,https://www.dm.de/marken/tabac-man-47190
Tabac Original,https://www.dm.de/marken/tabac-original-47192
TamTam,https://www.dm.de/marken/tamtam-47196
Tangle Teezer,https://www.dm.de/marken/tangle-teezer-47198
Tartex,https://www.dm.de/marken/tartex-47200
taxofit,https://www.dm.de/marken/taxofit-47202
Teaya,https://www.dm.de/marken/teaya-940772
Teefee,https://www.dm.de/marken/teefee-47204
Teekanne,https://www.dm.de/marken/teekanne-47206
Tempo,https://www.dm.de/marken/tempo
Tommee Tippee,https://www.dm.de/marken/tommee-tippee
TENA,https://www.dm.de/marken/tena
TePe,https://www.dm.de/marken/tepe-47212
Terra Pura,https://www.dm.de/marken/terra-pura-47214
Tesa,https://www.dm.de/marken/tesa-47216
TESTA med,https://www.dm.de/marken/testa-med-47218
tetesept,https://www.dm.de/marken/tetesept
THE Beauty Mask COMPANY,https://www.dm.de/marken/the-beauty-mask-company-948126
Theramed,https://www.dm.de/marken/theramed-47230
Thienemann,https://www.dm.de/marken/thienemann-225124
Thierry Mugler,https://www.dm.de/marken/thierry-mugler-225134
Tiger Balm,https://www.dm.de/marken/tiger-balm-47232
TIGI BedHead,https://www.dm.de/marken/tigi-bedhead-47234
Tinti,https://www.dm.de/marken/tinti-47236
toilet tapes ECO,https://www.dm.de/marken/toilet-tapes-eco-902536
Tom Tailor,https://www.dm.de/marken/tom-tailor-47238
Toppits,https://www.dm.de/marken/toppits
Töpfer,https://www.dm.de/marken/toepfer-47248
treaclemoon,https://www.dm.de/marken/treaclemoon-47270
trend !t up,https://www.dm.de/marken/trend-it-up
Trinkkost,https://www.dm.de/marken/trinkkost-47272
Triple Dry,https://www.dm.de/marken/triple-dry-47274
True Gum,https://www.dm.de/marken/true-gum-225154
True Mints,https://www.dm.de/marken/true-mints-668690
tuba,https://www.dm.de/marken/tuba-47276
TWEEZERMAN,https://www.dm.de/marken/tweezerman
UdV - Ulric de Varens,https://www.dm.de/marken/udv-ulric-de-varens-47040
UHU,https://www.dm.de/marken/uhu-47042
UNIC,https://www.dm.de/marken/unic-224876
Urachhaus,https://www.dm.de/marken/urachhaus-501510
Usborne,https://www.dm.de/marken/usborne-47048
Vademecum med,https://www.dm.de/marken/vademecum-med-47050
Vagisan,https://www.dm.de/marken/vagisan-447118
VANDINI,https://www.dm.de/marken/vandini-47052
Vanish,https://www.dm.de/marken/vanish-47054
Van Laack,https://www.dm.de/marken/van-laack-425276
Vasenol,https://www.dm.de/marken/vasenol-631510
Veet,https://www.dm.de/marken/veet
Veganz,https://www.dm.de/marken/veganz-47058
VegDog,https://www.dm.de/marken/vegdog-47062
VeggieDog,https://www.dm.de/marken/veggiedog-224866
Verival,https://www.dm.de/marken/verival-47064
Vernel,https://www.dm.de/marken/vernel-47068
VIGANTOLVIT,https://www.dm.de/marken/vigantolvit-973422
Vileda,https://www.dm.de/marken/vileda-47078
Vionell,https://www.dm.de/marken/vionell-47080
visiomax,https://www.dm.de/marken/visiomax
Viss,https://www.dm.de/marken/viss-47096
Vitakraft,https://www.dm.de/marken/vitakraft-47098
Vitasprint,https://www.dm.de/marken/vitasprint-47100
Vito & Joe,https://www.dm.de/marken/vito-joe-47102
Voskes,https://www.dm.de/marken/voskes-218066
V.SUN,https://www.dm.de/marken/v-sun-1384514
Wahre Schätze,https://www.dm.de/marken/wahre-schaetze
Wartner,https://www.dm.de/marken/wartner-46132
Waschies,https://www.dm.de/marken/waschies-217730
WaterWipes,https://www.dm.de/marken/waterwipes
WC-Ente,https://www.dm.de/marken/wc-ente-46136
WC-Frisch,https://www.dm.de/marken/wc-frisch-46138
Weißer Riese,https://www.dm.de/marken/weisser-riese-46140
Weleda,https://www.dm.de/marken/weleda
WELLA,https://www.dm.de/marken/wella
WELLA Deluxe,https://www.dm.de/marken/wella-deluxe-46146
wellaflex,https://www.dm.de/marken/wellaflex-46150
Whiskas,https://www.dm.de/marken/whiskas-46152
WHOLE EARTH,https://www.dm.de/marken/whole-earth-972986
Wick,https://www.dm.de/marken/wick-46154
Wiedenbauer,https://www.dm.de/marken/wiedenbauer-46156
Wild & fein,https://www.dm.de/marken/wild-fein-77226
Wildcorn,https://www.dm.de/marken/wildcorn-46158
Wildes Land,https://www.dm.de/marken/wildes-land-46160
Wilkinson,https://www.dm.de/marken/wilkinson
Windi,https://www.dm.de/marken/windi-46166
Wizard,https://www.dm.de/marken/wizard-519530
Womanizer,https://www.dm.de/marken/womanizer-46168
Wonderstripes,https://www.dm.de/marken/wonderstripes-46170
WOW,https://www.dm.de/marken/wow-46172
Wrappy,https://www.dm.de/marken/wrappy-217710
Wrigley's,https://www.dm.de/marken/wrigleys-46174
Wunder2,https://www.dm.de/marken/wunder2-46176
Xantus,https://www.dm.de/marken/xantus-45994
xLaeta,https://www.dm.de/marken/xlaeta-217690
Xucker,https://www.dm.de/marken/xucker-45996
Yamo,https://www.dm.de/marken/yamo-902946
Yarrah,https://www.dm.de/marken/yarrah-1435710
Yeauty,https://www.dm.de/marken/yeauty-45988
YOGI TEA,https://www.dm.de/marken/yogi-tea-217410
Yokebe,https://www.dm.de/marken/yokebe-45990
Yves Saint Laurent,https://www.dm.de/marken/yves-saint-laurent-217304
Zadig & Voltaire,https://www.dm.de/marken/zadig-voltaire-217294
Zeiss,https://www.dm.de/marken/zeiss-555090
Zewa,https://www.dm.de/marken/zewa-45902
Zirkulin,https://www.dm.de/marken/zirkulin-45908
00,https://www.dm.de/marken/00-45930
3Bears,https://www.dm.de/marken/3bears-942648
4711,https://www.dm.de/marken/4711-45942
5 Gum,https://www.dm.de/marken/5-gum-45948
8in1,https://www.dm.de/marken/8in1-45964
8x4,https://www.dm.de/marken/8x4-women-45968
