name,address,city,state,zip,phone,Facebook,Instagram,Twitter,Email
Maze Books,117 South 3rd Street,Rockford,IL,61104-1109,(779)970-5912,https://www.facebook.com/MazeBookstore,mazebookstore,,mazebookshop@gmail.com
Black Garnet Books,1648 Selby Avenue,St Paul,MN,55104,(612)867-4058,,blackgarnetbooks,blkgarnetbooks,dionne@blackgarnetbooks.com
Book Stop GB,603 Military Avenue,Green Bay,WI,54303,(920)498-0008,https://www.facebook.com/BookStopGreenBay,bookstopgb,,bookstopgb@gmail.com
Prairie Fox Books,719 LaSalle Street,Ottawa,IL,61350,(815)433-7323,https://www.facebook.com/prairiefoxbooks/,Prairiefoxbooks,prairiefoxbooks,prairiefoxbooks@gmail.com
Books Revisited,607 West Saint Germain Street,St Cloud,MN,56301,(320)259-7959,https://www.facebook.com/BooksRevisited/,,,orders@cloudnet.com
Thomas A. Lyons Fine Books,127 W. Wisconsin Ave,Neenah,WI,54956,(920)486-1751,https://www.facebook.com/lyons-fine-books-282878571830905/?fref=ts,,,lyonsfinebooks@gmail.com
Robin's Nest Bookshoppe,218 East Lincoln Highway,DeKalb,IL,60115,(779)255-1191,https://www.facebook.com/robinsnestdekalb,,,bobbi@robinsnestdekalb.com
Watermark Books & Cafe,4701 E Douglas,Wichita,KS,67218,(316)682-1181,https://www.facebook.com/watermarkbooks/,watermarkbooksandcafe,WatermarkBooks,books@watermarkbooks.com
LaDeDa Books,1624 New York Avenue,Manitowoc,WI,54220,(920)682-7040,https://facebook.com/ladedabooks,,,bdenor@lsol.net
The Bookstore Pine City,253 5th Street Southeast,Pine City,Minnesota,55063-1580,(763)234-7172,https://www.facebook.com/TheBookstorePineCity,,,TheBookstorePineCity@gmail.com
The Old Bookshop,Old Bookshop,Rice Lake,WI,54868,(715)234-4788,https://www.facebook.com/profile.php?id=100064335563501,,,obs37nmain@yahoo.com
Twice Told Tales,104 South Main Street,McPherson,KS,67460,(620)718-5023,https://www.facebook.com/twicetoldtalesusedbooks,twicetoldtalesks,,libby@twicetoldtales.net
Retold Tales Used Bookstore,176-B West Simon Boulevard,Holts Summit,MO,65043,(573)896-0241,https://www.facebook.com/Retoldtalesusedbookstore/,retoldtalesusedbookstore,,josephwang.holtssummithardware@gmail.com
DreamHaven Books & Comics,2301 E 38th Street,Minneapolis,MN,55406,(612)823-6161,https://www.facebook.com/dreamhavenbooks/,dreamhavenbooks/?hl=en,DreamHavenBooks,dream@dreamhavenbooks.com
Novel Bay Booksellers,44 N 3rd Avenue,Sturgeon Bay,WI,54235,(715)207-1484,http://facebook.com/novelbaybooks,novelbaybooks,NovelBayBooks,john@novelbaybooks.com
Outside of a Dog Books & Games,5 Court St,Vermillion,SD,57069,(605)638-4668,https://www.facebook.com/OutsideOfADog,outsideofadogsd,,mike@outsideofadogsd.com
Moon Palace Books,3032 Minnehaha Ave,Minneapolis,MN,55406,(612)454-0455,https://www.facebook.com/moonpalacebooks,moonpalacebooks,MoonPalaceBooks,info@moonpalacebooks.com
Sweet Reads Books,407 North Main,Austin,MN,55912,(507)396-8660,https://www.facebook.com/sweetreadsbooks/,,,sweetreadsbooks@gmail.com
Planting People Growing Justice,1832 East 35th Street,Minneapolis,MN,55407-2372,(651)303-0729,https://www.facebook.com/ppgjbooks,@ppgjbooks,,plantingpeoplegrowingjustice@gmail.com
Little Professor Book Center,110 West Park Square,Owatonna,MN,55060,(507)455-0969,https://www.facebook.com/pages/little%20professor%20book%20center/111464105561114/,,,littleprofessor8@gmail.com
Subtext Bookstore,6 West 5th St.,St Paul,MN,55102,(651)493-2791,https://www.facebook.com/subtextabookstore?fref=ts,subtextbooks,subtextbooks,subtextinfo@gmail.com
Fox Den Books,Fox Den Books,River Falls,WI,54022,(715)425-6180,https://www.facebook.com/FoxDenUsedBooks/,foxdenbooks,,foxdenbooks@gmail.com
Fair Trade Books,320 Bush Street,Red Wing,MN,55066,(651)800-2030,https://www.facebook.com/fairtradebooks/,fairtradebooksrw/?hl=en,fairtrade_books,fairtradebooksrw@gmail.com
Books and Bakery,513 North Adams Street,Carroll,IA,51401-2728,7127752888,https://www.facebook.com/booksandbakeryllc,booksandbakeryllc,booksnbakery,booksandbakeryllc@gmail.com
Willa’s Books and Vinyl,5547 Troost Avenue,Kansas City,MO,64110-2821,(816)419-1051,https://www.facebook.com/willasbooks/,,WillasBooks,
Town House Books,105 North Second Avenue,St. Charles,IL,60174,(639)584-8600,http://facebook.com/townhousebooks/,townhousebooks/,townhousebooks?lang=en,heidi@townhousebooks.com
KD's Books,241 Southeast Main Street,Lee's Summit,MO,64063,(816)525-1366,https://www.facebook.com/kdsbooksls,kdsbooksls,,tina@kdsbooksls.com
Elleinad Books,5930 S 58th Street,Lincoln,NE,68516,605.261.9711,,elleinadbooks,,contactelleinad@gmail.com
The Brewed Book,1524 North Harrison Street,Davenport,IA,52803,(563)340-8664,https://www.facebook.com/thebrewedbook/,thebrewedbook,,tonyfuhs@gmail.com
Leopold's Books Bar Caffè,1301 Regent St,Madison,WI,53715,(608)236-9322,https://www.facebook.com/leopoldsmadison,leopolds_madison,,info@leopoldsmadison.com
Next Chapter Booksellers,38 Snelling Avenue South,St Paul,MN,55105,(651)225-8989,https://www.facebook.com/nextchapterbooksellers/,nextchapterbooksellers,NextChapterMN,DavidE@nextchapterbooksellers.com
The Bookstore of Glen Ellyn,475 N. Main Street,Glen Ellyn,IL,60137,(630)469-2891,https://www.facebook.com/the-bookstore-of-glen-ellyn-179227424477/?ref=bookmarks,bookstoreofge,bookstoreofge,info@bookstoreofge.com
Excelsior Bay Books,36 Water Street,Excelsior,MN,55331,(952)401-0932,https://www.facebook.com/pages/excelsior-bay-books/242816282083?fref=ts,excelsiorbaybooks/?hl=en,ExcelsiorBay,excelsiorbaybooks@gmail.com
La Revo Books,3016 West Layton Avenue,Greenfield,WI,53221,(414)736-0424,https://www.facebook.com/larevobooks/,larevobooks,booksrevo,larevobooks@gmail.com
Paper Moon,206 A St,Mc Gregor,IA,52157,(563)500-1994,https://www.Facebook.com/papermoonmcgregor,@papermoonmcgregor,,jennypapermoon@gmail.com
Bookie's Bookstore,10324 S. Western Ave.,Chicago,IL,60643,(773)239-1110,https://www.facebook.com/bookieschicago/,https://www.instagram.com/bookieschicago/?hl=en,BookiesChicago,keith@bookiesbookstores.com
The Book Shoppe,817 Story St.,Boone,IA,50036,(515)432-2556,https://www.facebook.com/thebookshoppeinc/,,,thebookshoppe.inc@gmail.com
Thimbleberry Books,166 South Central Avenue,Marshfield,WI,54449,(715)387-3049,https://www.facebook.com/ThimbleberryBooks/,,,thimbleberrybooks@gmail.com
Afterwords Books,441 E Vandalia St,Edwardsville,IL,62025,(618)655-0355,https://www.facebook.com/afterwords-books-96867750344,afterwordsbooks,afterwords2?lang=en,help@afterwordsbooks.com
Lake Country Booksellers,4766 Washington Square,White Bear Lake,MN,55110,(651)426-0918,https://www.facebook.com/pages/lake-country-booksellers/191453436875?ref=br_tf,,,booksellers@earthlink.net
Lionseed Bookstore & Learning Commons,102 W Summit St,Battle Lake,MN,56515,(218)210-0506,http://www.facebook.com/thelionseed,,,info@thelionseed.com
Birchbark Books & Native Arts,2115 W 21st Street,Minneapolis,MN,55405,(612)374-4023,https://www.facebook.com/birchbarkbooks,birchbark_books,birchbarkbooks,nate@birchbarkbooks.com
Buffalo Books & Coffee,6 Division Street East,Buffalo,MN,55313,(763)682-3147,https://www.facebook.com/pages/buffalo-books-coffee/144327975603116?fref=ts,buffalobooks/?hl=en,Buffalo_Books,info@buffalo-books.com
Prairie Lights Books,15 S Dubuque Street,Iowa City,IA,52240,(319)337-2681,https://www.facebook.com/prairie-lights-bookstore-27924083261/,prairielightsbooks/?hl=en,Prairie_Lights,info@prairielights.com
Flint Hills Books,130 W. Main Street,Council Grove,KS,66846,(620)767-5054,https://www.facebook.com/flinthillsbooks,flinthillsbooks,,jennifer@flinthillsbooks.com
InkLink Books,2890 Main Street,East Troy,WI,53120,(262)642-9607,https://www.facebook.com/inklinkbooks/,inklinkbooks,,kayleen@inklinkbooks.com
Spinster Books,313 W Main Street,Ashland,WI,54806,(715)292-6402,https://www.facebook.com/groups/476404832512425/,,,jill@spinsterbooks.com
Zandbroz Variety Fargo,420 Broadway N,Fargo,ND,58102,(701)239-4729,https://www.facebook.com/zandbrozvariety/,,ZandbrozVariety,greg@zandbroz.com
OtherWorlds Books & More,41 N 3rd Ave,Sturgeon Bay,WI,54235,(920)600-1690,https://www.facebook.com/otherworlds-books-more-250916755442802,otherworlds18/?hl=en,,otherworlds18@gmail.com
Apostle Islands Booksellers,112 Rittenhouse Ave,Bayfield,WI,54814,(715)779-0200,https://www.facebook.com/apostleislandsbooksellers,aibooks/?hl=en,,info@apostleislandsbooksellers.com
Boswell Book Company,2559 N Downer Avenue,Milwaukee,WI,53211,(414)332-1181,https://www.facebook.com/boswellbooks/,boswellbookco,boswellbooks,daniel@boswellbooks.com
Driftless Books,159 Main Street West,Wabasha,MN,55981,(651)380-9035,https://www.facebook.com/wabashareads/,Driftlessbooks ,,Driftlessbooks159@gmail.com
The Sly Fox,P.O. Box 117,Virden,IL,62690,(217)965-3641,https://www.facebook.com/the-sly-fox-bookstore-125039960877697/,,,slyfox@royell.org
Honest Dog Books,38 S. Second Street,Bayfield,WI,54814,(715)779-5223,https://www.facebook.com/honestdogbooks,honestdogbooks,bookshonest,info@honestdogbooks.com
Garden Party Books,602 7th St NW,Rochester,MN,55901,(858)240-9044,https://www.facebook.com/GardenPartyBooksMN/,gardenpartybooksmn,GardenPartyMN,anna@gardenpartybooks.com
Book People,2923 Hamilton Boulevard,Sioux City,IA,51104,(712)258-1471,https://www.facebook.com/bookpeoplesiouxcity/,,Book_People_SC,bookpeople2923@gmail.com
Burlington by the Book,301 Jefferson Street,Burlington,IA,52601,(319)753-9981,https://www.facebook.com/BurlingtonBytheBook-62537491312,,,burlbythebook@yahoo.com
Mystery to Me,1863 Monroe St,Madison,WI,53711,(608)283-9332,https://www.facebook.com/mysterytomebooks,mysterytomebooks,mysterytomebooks,joanne@mysterytomebooks.com
Siena Retreat Center,5637 Erie Street,Racine,WI,53402,(262)898-2587,https://www.facebook.com/SienaRetreatCenter/,sienaretreatcenter,SienaRetreatCen,retreats@sienaretreatcenter.org
Printed,242 Vermont Rd,Frankfort,IL,60423,(571)286-8018,https://www.facebook.com/profile.php?id=100084840084246,printed_bookshop,,Printedbookshop@gmail.com
Sweets ‘N Stories,509 Main Ave.,Oakes,ND,58474,(701)742-2007,https://www.facebook.com/pages/sweets-n-stories/342386529795,,,phroney@drtel.net
Betty's Books,10 Summit Avenue,Saint Louis,MO,63119,(314)279-1731,https://www.facebook.com/BettysBooksSTL/,bettysbooksstl,bettysbooksstl,betty@bettysbooksstl.com
Twinflower Books,280 Andrews Avenue,Center City,MN,55012-9677,(651)505-6765,https://www.facebook.com/TwinflowerBooks,twinflowerbooks,,contact@twinflowerbooks.com
Emily's Used Books,18318 State Highway 371,Brainerd,MN,56401,(218)825-0495,https://www.facebook.com/emilysusedbooks,,,greatreading@emilysbooks.net
Book Break,63 Birch Ave S. PO Box 185,Maple Lake,MN,55358,(320)963-1918,https://www.facebook.com/bookbreakmaplelake/,,,bookbreak20@gmail.com
Northwind Book & Fiber,205 Walnut Street,Spooner,WI,54801,(715)635-6811,https://www.facebook.com/pages/northwind-book-fiber/117003675042798?fref=ts,,,northwind@northwindbook.com
Raven Book Store,809 Massachusetts St.,Lawrence,KS,66044,(785)749-3300,https://www.facebook.com/ravenbookstore,ravenbookstore,ravenbookstore,danny@ravenbookstore.com
Swamp Fox Bookstore,809 6th Avenue #6,Marion,IA,52302,(319)651-8536,https://www.facebook.com/swampfoxbookstore/,swampfoxbookstore,,info@swampfoxbookstore.com
Valley Bookseller,217 N Main Street,Stillwater,MN,55082,(651)430-3385,https://www.facebook.com/pages/valley-bookseller/176344518826?fref=ts,valleybookseller,valleybkseller,gretchen@valleybookseller.com
Chapters Books & Gifts,548 Seward Street,Seward,NE,68434,(402)643-2282,https://www.facebook.com/chaptersbooksandgifts?fref=ts,chaptersbooksandgifts/,sewardchapters,chapters@windstream.net
Raccoon River Press,5316 Brookview Dr.,West Des Moines,IA,50266,(515)318-7445,https://www.facebook.com/raccoonriverpress,raccoonriverpress,RaccoonRiverPr,administrator@raccoonriverpress.com
Books on Broadway,12 1/2 West Broadway,Williston,ND,58801,(701)572-1433,https://www.facebook.com/booksonbroadwaywilliston/,booksonbroadwaywilliston,booksonbroadwa2,bksbdwy@nemont.net
Dog·Eared Books,203 Main Street,Ames,IA,50010,(515)598-7508,https://www.facebook.com/dogearedbooksames,dogearedbooksames,,amanda@dogearedbooksames.com
Snowbound Books,118 N 3rd St.,Marquette,MI,49855,(906)228-4448,https://www.facebook.com/snowboundbooks/?fref=ts,snowboundbooks,snowboundbooks,snowboundbooks@live.com
Little Bean Books,875 Main Street,Antioch,IL,60002,(224)360-9616,https://www.facebook.com/littlebeanbooks/,littlebean_books,,angela@littlebeancoffeeco.com
Books & Company,1039 Summit Ave,Oconomowoc,WI,53066,(262)567-0106,https://www.facebook.com/bookscowi/,books_n_co,books_n_co,info@booksco.com
The Irreverent Bookworm,5163 Bloomington Ave S,Minneapolis,MN,55417,,https://www.facebook.com/theirreverentbookworm/,irrevbooks/?hl=en,,donovan@irrevbooks.com
"The Bookworm, Omaha","2501 South 90th St., Suite 111",Omaha,NE,68124,(402)392-2877,https://www.facebook.com/bookwormomaha,bookwormomaha/?hl=en,BookwormOmaha,info@bookwormomaha.com
Pearl Street Books,323 Pearl Street,La Crosse,WI,54601,(608)782-3424,https://www.facebook.com/PSBooks,pearlstreetbooks,,info@pearlstbooks.com
Black Ice Comics & Books,503 Shelden Avenue,Houghton,MI,49931,(906)523-7500,http://facebook.com/blackicecomicshop,blackicecomics,blackicecomics,shana.blackicecomics@gmail.com
Pagination Bookshop,1150 E. Walnut St.,Springfield,MO,65806,(805)813-0126,https://www.facebook.com/paginationbookshop/,paginationbookshop,PaginationBooks,paginationbookshop@gmail.com
River Dog Book Co.,W832 Froelich Road,Sullivan,WI,53178,(609)462-9909,https://www.facebook.com/riverdogbookco/,riverdogbookco,RiverDogBookCo,broche@riverdogbookco.com
Harvey's Tales,216 James St.,Geneva,IL,60134,(630)232-2991,https://www.facebook.com/harveys-tales-790825101042041/,harveystales/?hl=en,HarveysTales1,harveystales@gmail.com
Shady Character Books,212 Edgewood Road NW,Cedar Rapids,IA,52405,(319)396-8420,http://facebook.com/shadycharacterbooks,shady_character_books,,Contact@shadycharacterbooks.com
Redbery Books,43455 Kavanaugh Rd,Cable,WI,54821,(715)798-5014,https://www.facebook.com/pages/redbery-books/51474867685?fref=ts,redberybooks,RedberyBooks,read@redberybooks.com
The Book Mark Gustavus-Adolphus,Gustavus Adolphus College,St. Peter,MN,56082,(507)933-6017,https://www.facebook.com/gustiebookmark?ref=ts,gustavusbookmark,gustavus,myunkers@gustavus.edu
Red Balloon Bookshop,891 Grand Avenue,St. Paul,MN,55105,(651)224-8320,https://www.facebook.com/pages/red-balloon-bookshop/57107564076?fref=ts,redballoonbookshop/?hl=en,RedBalloonBooks,info@redballoonbookshop.com
Amazing Alonzo Bookstore,1831 E Superior St,Duluth,MN,55812,218-724-3431,https://www.facebook.com/amazingalonzo/,amazingalonzobookstore,,amazingalonzo.bookstore@gmail.com
The Noir Bookshop,2317 Cherokee Street,St. Louis,Missouri,63118-3228,,,thenoirbookshop,,thenoirbookshop@gmail.com
The Willow Bookstore,126 W Main St.,Perham,MN,56573,(218)457-0402,https://www.facebook.com/thewillowbookstore/,thewillowbookstore,,megmwell@gmail.com
Yellow Dog Bookshop,8 South Ninth Street,Columbia,MO,65201,(573)442-3330,https://www.facebook.com/yellowdogbookshop/,yellowdogbookshop,YellowDogSpeaks,yellowdogbookshop@gmail.com
The Book Vault,105 S Market Street,Oskaloosa,IA,52577,(641)676-1777,https://www.facebook.com/book-vault-953940208121042/,bookvaultoskaloosa,,info@bookvault.org
Chapter One,7924 Victoria Drive,Victoria,MN,55386,(952)443-0681,https://www.facebook.com/chapteronemn,chapteronemn,,chapteronemn@gmail.com
"Reader's Realm Gallery of Books, Gifts & Whimsy",147 East Montello St,Montello,WI,53949,(608)297-2200,https://www.facebook.com/readers-realm-gallery-of-new-gently-used-books-gifts-and-whimsy-1490032584610070/,,,readersrealm@outlook.com
The Green Dragon Bookshop,9 North 11th Street,Fort Dodge,IA,50501,(515)230-2663,https://www.facebook.com/thegreendragonbookshop,thegreendragonbookshop,,thegreendragonbookshop@gmail.com
A Room of One's Own Bookstore,2717 Atwood Avenue,Madison,WI,53704,(608)257-7888,https://www.facebook.com/pages/a-room-of-ones-own-bookstore/194452425573?fref=ts,roomofonesownbooks/?hl=en,roomofonesown,gretchen@roomofonesown.com
Back Forty Books,625 7th Ave,Two Harbors,MN,55616,(218)834-9215,https://www.facebook.com/backfortybooks/,backfortybooks,SweetPeasBooks,norshorekatie@gmail.com
Reads by the River,102 East Main Street,Waterford,WI,53185,(262)720-7323,https://www.facebook.com/readsbytheriverbookstore,readsbytheriverbookstore,,readsbytheriver@gmail.com
Beagle and Wolf Books & Bindery,112 3rd Street W,Park Rapids,MN,56470,(218)237-2665,https://www.facebook.com/beagle-and-wolf-books-bindery-83860651879/,beagleandwolf,BeagleBooks,sally@beagleandwolf.com
Mayday Books,301 Cedar Ave,Minneapolis,MN,55454,(612)333-4719,https://www.facebook.com/profile.php?id=100006261243888&ref=bookmarks,,maydaybooksmpls,maydaybookstore@gmail.com
Books on First,202 W First St,Dixon,IL,61021,(815)285-2665,https://bookshop.org/shop/booksonfirst,bookson1st,booksonfirst,chin@booksonfirst.com
The Next Chapter,2508 Farnam Street,Omaha,NE,68131,(531)218-7996,https://www.facebook.com/nextchapteromaha/?modal=admin_todo_tour,thenextchapteromaha,nextchapterne,thenextchapterbooksandgifts@gmail.com
Round Table Bookstore,826 North Kansas Avenue,Topeka,KS,66608,(785)329-5366,https://www.facebook.com/roundtablebookstore/?ref=bookmarks,roundtablebookstore,roundtablebks,roundtablebookstore@gmail.com
Bobzbay,419 N Main Street,Bloomington,IL,61701,(309)740-2012,http://www.facebook.com/bobzbay,bobzbay,bobzbay,bob@bobzbay.com
Subterranean Books,6271 Delmar Blvd,St. Louis,MO,63130,(314)862-6100,https://www.facebook.com/subterraneanbooks/,subbooks,subbooks,info@subbooks.com
Stonecrest Book & Toy,"3797 Osage Beach Pkwy, Suite G-2",Osage Beach,MO,65065,(573)348-4788,https://www.facebook.com/stonecrest.bookntoy,,,stonecrest2009@live.com
Fair Isle Books & Gifts,1885 Detroit Harbor Rd.,Washington Island,WI,54246,(920)847-2565,https://www.facebook.com/pages/islandtime-books-and-more/81965507730,fairislebooks,fairislebooks,fairisleshop@gmail.com
Dundee Book Company,4915 Underwood Avenue,Omaha,NE,68132,(402)516-2141,https://www.facebook.com/dundeebookco,dundeebookco,DundeeBookCo,ted@dundeebook.co
Skylark Bookshop,22 S 9th Street,"Columbia, MO",MO,65201,(573)239-3734,https://www.facebook.com/skylarkbookshop/,SkylarkBookshop,SkylarkBookshop,mail@skylarkbookshop.com
Janke Book Store,505 Third Street,Wausau,WI,54403,(715)845-9648,https://www.facebook.com/pages/janke-book-store/123576537746717,,JankeBookStore,esox5@charter.net
Main Street Books WI,190 E Main St.,Reedsburg,WI,53959,(608)415-7323,https://www.facebook.com/main-street-books-571928826186577/?tn-str=k*f,,,msbooks190@gmail.com
Paper June,927 N Kansas Ave,Topeka,KS,66608,(785)408-1878,https://www.facebook.com/paperjunebooks,paperjunebooks,,angie@paperjune.com
Sidekick Coffee & Books,1310 1/2 Melrose Avenue,Iowa City,IA,52246,(319)569-1010,https://www.facebook.com/sidekickcoffeeandbooks,sidekickcoffeeandbooks,,sidekickcoffeeandbooks@gmail.com
The Webster Groves Bookshop,27 North Gore Avenue,Saint Louis,MO,63119,(314)968-1185,https://www.facebook.com/Webster-Groves-Bookshop-153345954709/,,,thewebstergrovesbookshop@gmail.com
Left Bank Books,399 N Euclid Avenue,St. Louis,MO,63108,(314)367-6731,https://www.facebook.com/leftbankbooks.stl/,leftbankbooks/,LeftBankBooks,info@left-bank.com
River Lights Bookstore,1098 Main Street,Dubuque,IA,52001,(563)556-4391,https://www.facebook.com/rlbdbq/,river_lights,RLB2e,sue@riverlights.com
The Bookstore at Fitgers,600 E Superior Street,Duluth,MN,55802,(218)727-9077,https://www.facebook.com/fitgersbooks/,fitgersbooks/?hl=en,FitgersBooks,bookstore@fitgers.com
Main Street Books MO,307 South Main Street,St. Charles,MO,63301,(636)949-0105,https://www.facebook.com/pages/main-street-books-st-charles-mo/322859259329?fref=ts,mainstreetbooksstcharles/,mainstreetbooks,mainstreetbooksstcharles@gmail.com
The Book Store,293 W Northland Ave,Appleton,WI,54911,(920)734-8908,https://www.facebook.com/thebookstoreappleton,thebookstoreappletonwi,book_wi,bavinckbooksllc@gmail.com
Whimsy on Main,214 S. Main St.,Milbank,SD,57252,(605)949-9238,https://www.facebook.com/whimsy-on-main-796697700475460/,whimsyonmain,whimsybooks,whimsymilbank@gmail.com
Rolla Books & Toys,1000 S Bishop Ave,Rolla,MO,65401,(573)368-4155,https://www.facebook.com/rollabooktoy/,rollabooktoy/?hl=en,,rollabooktoy@gmail.com
Crow & Co. Books,2 S Main St.,Hutchinson,KS,67501,(620)500-5200,https://www.facebook.com/crowandcobooks,crowandcobooks,,sara.crow@crowandcobooks.com
Brick Road Books,3183 155th Street,Cumming,IA,50061,(515)422-2864,,brickroadbooksiowa,,heather@brickroadbooks.org
Kismet Books,101 N Main St.,Verona,WI,53593,(608)845-2500,http://facebook.com/kismetbooks,kismetbookshop,kismet_books,rye@kismetbookshop.com
Reading in Public Bookstore + Cafe,315 5th Street,West Des Moines,IA,50265,(515)724-9462,https://www.facebook.com/readinginpublicbooks,readinginpublicbooks,,linzi@readinginpublic.com
Da Book Joint,330 E 51st St,Chicago,IL,60653,(773)655-3146,https://www.facebook.com/DaBookJoint/,dabookjoint,dabookjoint,verlean@dabookjoint.com
Drury Lane Books,12 E Wisconsin Street,Grand Marais,MN,55604,12183873370,https://www.facebook.com/drurylanebooks/,drurylanebooks,,store@drurylanebooks.com
"Pioneer Bookshop, Grinnell College",933 Main Street,Grinnell,IA,50112,(641)269-3424,https://www.facebook.com/grinnellcollegebookstore/,,,bookstore@grinnell.edu
The Village Booksmith,526 Oak Street,Baraboo,WI,53913,(608)355-1001,https://www.facebook.com/Village-Booksmith-113401842159467,,,books@villagebooksmith.com
Yardstick Books,317 Steele Street,Algoma,WI,54201,(920)487-8174,https://www.facebook.com/yardstickalgoma/,yardstick.algoma,,heidi@yardstickalgoma.com
Niche Book Bar,5811 W Wisconsin Ave,Wauwatosa,WI,53213,(414)534-3995,,,,info@findyournichemke.com
Arcadia Books,102 E Jefferson Street,Spring Green,WI,53588,(608)588-7638,https://www.facebook.com/arcadiabooks/,arcadiabooks/?hl=en,arcadiabook,nancyb@readinutopia.com
Open Book MSP,4300 Glumack Drive,Saint Paul,MN,55111,,https://www.facebook.com/open-book-at-msp-1766495770330525/,,openbookatmsp,debra@debracadabrainc.com
Mattingly Music & Books,113 West 2nd Street North,Newton,IA,50208-3251,(641)792-3250,https://www.facebook.com/MattinglyMusicBookHobby,,,mattinglymusic@mediacombb.net
Scout & Morgan Books,114 Buchanan Street North,Cambridge,MN,55008,(763)689-2474,https://www.facebook.com/scoutmorganbooks,scoutmorganbooks,scoutandmorganbook,books@scoutandmorganbooks.com
Whistle-Stop Rare Books,S42W31260 WI-83,Genesee Depot,WI,53127,(262)875-6876,https://www.facebook.com/rarevisionbooks,rarevisionbooks,,susan@rarevisionbooks.com
Strive Bookstore,80 South 8th Street,Minneapolis,MN,55402,(763)270-5738,http://www.facebook.com/strivepublishing/,StrivePub,strivepub,mary@strivepublishing.com
Daydream Believer Books and Gifts,130 East Lake Street,Lake Mills,WI,53551,(920)648-5100,https://www.facebook.com/daydreambelieverbooksandgifts,,,daydreambelieverbooks@outlook.com
Four Pines Bookstore,102 3rd Street Northwest,Bemidji,MN,56601,,,,,gjgrinde@gmail.com
Dragon Tale Books,216 Main Street East,Menomonie,WI,54751,(715)233-6252,https://www.facebook.com/dragontalebooks,dragontalebooks,dragontalebooks,yourfriends@dragontalebooks.store
Chapter2books,226 Locust Street,Hudson,WI,54016,(715)220-8818,https://www.facebook.com/chapter2books-152180651513265/,chapter2bookshudson,chapter2books,brian@chapter2books.com
Prologue. Books & Wine,213 North Main Street,Charles City,IA,50616,(641)220-8567,http://facebook.com/Prologuebooksandwine,prologuebooksandwine,,darci@prologuebooksandwine.com
Downtown Book & Toy,125 East High Street,Jefferson City,MO,65101,(573)635-1185,https://www.facebook.com/dtbt2,downtownhazelbooks,,dthazel1897@gmail.com
Flagship Books,600 Ohio Avenue,Kansas City,KS,66101,,https://www.facebook.com/flagshipbooks/,flagshipbooks,,flagshipbooks@gmail.com
A Novel Idea Bookstore,118 N. 14th Street,Lincoln,NE,68508,(402)475-8663,http://www.facebook.com/anovelidealincoln,anovelidea118,,staff@anovelideabookstore.com
Monarch Books & Gifts,7713 W. 151st St,Overland Park,KS,66223,(913)766-8646,https://www.facebook.com/monarchbooksandgifts,monarchinkc,,info@monarchbooksandgifts.com
Wise Blood Booksellers,4045 Broadway Boulevard,Kansas City,MO,64111,(816)960-3775,http://www.facebook.com/wisebloodkc,wisebloodkc,wisebloodkc,wisebloodkc@gmail.com
Books & Burrow,212 S Broadway,Pittsburg,KS,66762,(620)238-5330,https://www.facebook.com/booksandburrow/,booksandburrow,,booksandburrow@outlook.com
Lion's Tooth,2421 S Kinnickinnic Ave,Milwaukee,WI,53207,(414)455-3498,https://www.facebook.com/lionstoothmke,lionstoothmke,lionstoothmke,lionstoothmke@gmail.com
BayShore Books,302 Collins Avenue,Oconto,WI,54153,(920)834-3220,https://www.facebook.com/bayshorebooksllc,bayshorebooks,BayShoreBooks,bayshorebooks@gmail.com
Content Bookstore,314 Division Street South,Northfield,MN,55057,(507)222-9238,https://www.facebook.com/contentbookstore,contentbooks,contentbooks,info@contentbookstore.com
The Thinking Spot,3311 County Road 101,Wayzata,MN,55391,(612)860-2428,http://www.facebook.com/thethinkingspot,thinkingspotus,thinkingspotus,rima@thethinkingspot.us
Travelin' Storyseller,379 W Charlotte Street,River Falls,WI,54022,(773)304-6793,,,,TravelinStoryseller@gmail.com
"Comma, a bookshop",4250 Upton Avenue South,Minneapolis,MN,55410-1368,6512491823,http://www.facebook.com/commabookshop,commabookshop,,victoria@commabookshop.com
Ferguson Books of Bismarck,413 East Broadway Ave,Bismarck,ND,58501,(701)751-0708,http://www.facebook.com/fergusonbooks,fergusonbooks,FergsBooks,dane@fergusonbooks.com
DDR Books,7 South Maple,Watertown,SD,57201,(605)868-3705,https://www.facebook.com/officialddrbooks/,offical_ddr_books/?hl=en,officialddrbooks,ddrbooks@wat.midco.net
Main Street Books ND,8 South Main Street,Minot,ND,58701,(701)839-4050,https://www.facebook.com/mainstreetbooksminot,,MSBooksMinot,mainstreetbooks@srt.com
Rivendell Bookstore,212 N. Broadway,Abilene,KS,67410,(785)263-9930,https://www.facebook.com/pages/rivendell-bookstore/124741534267705,,RivendellBook,info@rivendellbookstore.com
The Book Vine,204 W Main Street,Cherokee,IA,51012,(712)225-2445,https://www.facebook.com/book.cherokee/,,,Bookvine.cherokee@gmail.com
Bliss Books & Wine,3502 Gillham Road,Kansas City,MO,64111,(816)226-7720,http://www.facebook.com/blissbookswine,bliss_books_wine_kc,BlissBooksWine,info@blissbooksandwine.com
University of Minnesota Bookstores,"300 Washington Ave. SE, Coffman Memorial Union, Room G054",Minneapolis,MN,55455,(612)626-0559,https://www.facebook.com/uofmnbookstores/,uofmnbookstores,uofmnbookstores,ukest002@umn.edu
Midway Book Store,1579 University Ave West,St Paul,MN,55104,(651)644-7605,https://www.facebook.com/midwaybooks/,,,midwayb2@infionline.net
Pageturners Bookstore,101 East Salem Ave.,Indianola,IA,50125,(515)961-0391,https://www.facebook.com/pageturnersbookstore/,pageturners_bookstore,,info@pageturnersbookstore.com
Magers & Quinn Booksellers,3038 Hennepin Avenue,Minneapolis,MN,55408,(612)822-4611,https://www.facebook.com/magersandquinnbooksellers,magersandquinn/?hl=en,MagersAndQuinn,jessi@magersandquinn.com
Bookmarks,4302 Southeast 4th Street,Des Moines,IA,50315,(515)259-1901,https://www.facebook.com/BookmarksRetail,bookmarks_bookstore,Bookmarksretail,joeyhiggins_9@hotmail.com
The Book House - St. Louis,7352 Manchester Road,Maplewood,MO,63143,(314)968-4491,https://www.facebook.com/bookhousestl?fref=ts,thebookhousestl,BookHouseSTL,michelle@bookhousestl.com
The Well Read Raccoon Books & Curiosities,501 West Memorial Drive,Houghton,MI,49931,(906)370-5830,https://www.facebook.com/rockythewellreadraccoon,,,TheWellReadRaccoonBooks@gmail.com
Avant Garden,215 East Main Street,Anoka,MN,55303,(612)201-1291,https://www.facebook.com/AvantGardenAnoka/,avantgardenanoka,,avantgardenofanoka@gmail.com
Indigo Bridge,1624 S 17th St,Lincoln,NE,68502,,https://www.facebook.com/indigobridge,indigobridgelnk,BridgeIndigo,books@indigobridge.org
Piragis Northwoods,105 North Central Avenue,Ely,MN,55731,(218)365-6745,https://www.facebook.com/piragiselyminnesota/,,Boundary_Waters,jordyn@piragis.com
Boxcar Books,201 East Main Street,Hoopeston,IL,60942,2177721203,https://www.facebook.com/shopboxcarbooks,shopboxcarbooks,@shopboxcarbooks,shopboxcarbooks@gmail.com
Brown Babies Books,1555 Sherman Avenue,Evanston,IL,60201,(708)571-6929,https://www.facebook.com/brownbabiesbooks/,brownbabiesbooks,,info@brownbabiesbooks.com
Dragonfly Books,112 W Water Street,Decorah,IA,52101,(563)382-4275,https://www.facebook.com/dragonflybooks/,dragonflybooks,dragonflybooks,orders@dragonflybooks.com
Book Heads,214 E. Mill Street,Plymouth,WI,53073,(920)892-6657,https://www.facebook.com/book-heads-book-store-149029065128344/,,,bookheadsplymouth@gmail.com
Cream & Amber,1605 Mainstreet,Hopkins,MN,55343,(952)595-5640,https://www.facebook.com/creamandamber/,creamandamber,creamandamber,kacey@creamandamber.com
Beaverdale Books,"2629 Beaver Avenue, Suite 1",Des Moines,IA,50310,(515)279-5400,https://www.facebook.com/beaverdalebooks/,beaverdalebooks/,BeaverdaleBooks,beaverdalebooks@gmail.com
Dotters Books,1602 Hogeboom,Eau Claire,WI,54701,,https://www.facebook.com/dottersbooks/,dottersbooks/?hl=en,,dottersbooks@gmail.com
The Novel Neighbor,7905 Big Bend Blvd.,Webster Groves,MO,63119,(314)738-9384,https://www.facebook.com/novelneighbor/,novelneighbor,novelneighbor,hello@thenovelneighbor.com
North Wind Books,437 Quincy St,Hancock,MI,49930,(906)487-7217,https://www.facebook.com/northwindbooks/,northwindbooks/?hl=en,,bookstore@finlandia.edu
Abalabix Books,30 N Williams St,Crystal Lake,IL,60014,(815)893-6653,https://www.facebook.com/abalabixbookstore,abalabixbooks21,,abalabixbooks@gmail.com
Rooted MKE,5312 West Vliet Street,Milwaukee,WI,53208,(414)488-9545,https://www.facebook.com/RootedMKE.Tutoring/,https://www.instagram.com/rooted.mke/,,rootedmkebookstore@gmail.com
The Curiosity Shop,622 Franklin St,Pella,IA,50219,,,curisoityshop_pella,,tstaff@netins.net
Reader's World,1400 S. Limit Suite 70,Sedalia,MO,65301,(660)827-0940,https://www.facebook.com/readersworldsedalia,,,readersworldsedalia@gmail.com
Mind Chimes Bookshop,1766 Superior Street,Three Lakes,WI,54562,(715)546-4222,https://www.facebook.com/mindchimesbookshop,,,mindchimesbookshop@gmail.com
Bluebird Books,813 Washington Avenue,Detroit Lakes,MN,56501,(218)844-9208,https://www.facebook.com/bluebirdbooksmn,bluebirdbooksmn22,,bluebirdbooks22@outlook.com
WordHaven BookHouse,923 North 8th Street,Sheboygan,WI,53081,(920)395-2375,http://www.facebook.com/WordHaven/,@wordhaven_bookhouse,,wordhaven@kellydholstine.com
The Artsy Bookworm,1319 30th  Street,Rock Island,IL,61201,(309)558-0278,https://www.facebook.com/bookwormqc,bookwormqc,bookwormqc,contact@theartsybookworm.com
Babycake's Book Stack,,St Paul,MN,55102,(651)321-3436,https://www.facebook.com/babycakesbookstack/,babycakesbookstack,babycakesbooks,babycakesbookstack@gmail.com
Paperback Exchange,2227 W 50th Street,Minneapolis,MN,55419,(612)929-8801,https://www.facebook.com/pages/paperback-exchange/196735273715972?fref=ts,,,info@paperbackexchange.com
Neighborhood Reads,401 Lafayette St.,Washington,MO,63090,(636)390-9673,https://www.facebook.com/neighborhoodreads/,neighborhoodreads,WashMoBookstore,Dawn@neighborhoodreads.com
Helianthus Books,2101 W 144th St,Leawood,KS,66224,(913)735-0764,https://www.facebook.com/HelianthusBooksKC,helianthus.books,,kellystromberg45@gmail.com
Three Avenues Bookshop,1714 W Belmont Ave,Chicago,IL,60657,(978)760-2208,https://www.facebook.com/threeavenuesbookshop,threeavenuesbookshop,,threeavenuesbookshop@gmail.com
Francie & Finch Bookshop,130 S. 13th Street,Lincoln,NE,68508,(402)781-0459,https://www.facebook.com/francieandfinch/,francieandfinch,francieandfinch,leslie@francieandfinch.com
Zenith Bookstore,318 Central Ave N,Duluth,MN,55807,(218)606-1777,https://www.facebook.com/zenithbookstore/,zenithbookstore,,books@zenithbookstore.com
BookMarx,325 East Walnut Street,Springfield,MO,65806,(417)224-3211,https://www.facebook.com/bookmarxbooks,bookmarxbooks,BookMarxbooks,bookmarxbookshop@gmail.com
Mischief Toy,818 Grand Avenue,St Paul,MN,55105,(651)493-3307,https://www.facebook.com/mischieftoy,mischieftoy,,millie@mischieftoy.com
Hartfield Book Company,110 W Washington St,Monticello,IL,61856,(217)631-1900,https://www.facebook.com/hartfield-book-co-2060126177577620/,hartfieldbookco,HartfieldBooks,nicole@hartfieldbookco.com
The Book Deal,319 W. Beltline HWY Suite 111,Madison,WI,53713,(608)571-7575,https://www.facebook.com/thebookdeal/,thebookdeal,,hello@thebookdeal.com
Once Upon a Crime,604 W 26th Street,Minneapolis,MN,55405,(612)870-3785,https://www.facebook.com/once-upon-a-crime-117494361610725/?fref=nf,,onceuponacrime1,onceuponacrimebooks@gmail.com
Cherry Street Books,503 Broadway Street,Alexandria,MN,56308,(320)763-9400,https://www.facebook.com/pages/cherry-street-books-llc/111830402188241?fref=ts,cherrystreetbooks,cherrystreetbooks,cherrystreetbooks@gctel.net
Bound to Happen Books,1008 Main Street,Stevens Point,WI,54481,(715)997-9094,http://facebook.com/boundtohappenbooks,boundtohappen_books,,info@boundtohappenbooks.com
Driftless Books and Music,518 Walnut Street,Viroqua,WI,54665,(608)638-2665,https://www.facebook.com/driftlessbooks/,driftlessbooks/?hl=en,,driftlessbooks@gmail.com
Dungeon's Gate,2525 N Ankeny Blvd Ste. 101,Ankeny,IA,50023,(515)635-5170,https://www.facebook.com/dungeonsgate,dungeonsgate,,dungeonsgate@gmail.com
Chapter Two,120 East 2nd Street,Redwood Falls,MN,56283,(507)430-4184,https://www.facebook.com/Chapter-Two-106727378491549,,,chapter2andTables@gmail.com
Storyhouse Bookpub,505 East Grand Ave. Suite 102,Des Moines,IA,50309,(720)925-2808,https://www.facebook.com/storyhousebookpub,storyhousebookpub,,hello@storyhousebookpub.com
Terrace Books,2507 11th Street,Columbus,NE,68601,(402)606-4877,https://www.facebook.com/terracebookstore,terracebookstore,,info@terracebookstore.com
Lion's Mouth Bookstore,401 N Washington Street,Green Bay,WI,54301,(920)406-0200,https://www.facebook.com/lionsmouthbookstore,lions_mouth_bookstore/?hl=en,lionsmouthbooks?lang=en,amy@lionsmouthbookstore.com
The BookWorm Bookstore & More,110 S. Riverview St,Bellevue,IA,52031,(563)872-4802,https://www.facebook.com/pages/the-book-worm/102991347167?fref=ts&rf=643572022377733,,,bookworm@prestontel.com
Wild Rumpus,2720 W 43rd Street,Minneapolis,MN,55410,(612)920-5005,https://www.facebook.com/pages/wild-rumpus-books-for-young-readers/9195534681?fref=ts,wildrumpusbooksmpls/?hl=en,wildrumpusbooks,collette@wildrumpusbooks.com
Literatus & Co.,401 E Main St,Watertown,WI,53094,(920)390-4236,,,,wes@literatusbooks.com
Galena Book & Paper,306 S Main St,Galena,IL,61036,(815)281-9404,https://www.facebook.com/galenabooks/,galenabooks/?hl=en,GalenaBooks,jason.stauter@gmail.com
Next Page Books,1105 3rd St SE,Cedar Rapids,IA,52401,(319)247-2665,https://www.facebook.com/nextpagebooks/,nextpagebookscr/?hl=en,nextpagebookscr,npb.newbo@gmail.com
Book Fair Mike,Pop-up Book Fairs,Liberty,MO,64068,(816)560-9827,,,,michael@bookfairmike.com
Blue House Books,5915 6th Avenue A,Kenosha,WI,53140,(262)612-5525,https://www.facebook.com/bhbkenosha/,bhbkenosha/?hl=en,bhbkenosha?lang=en,info@shopatbhb.com
EyeSeeMe,6951 Olive Boulevard,University City,MO,63130,(314)349-1122,http://www.facebook.com/eyeseeme,eyeseeme_bookstore,eyeseeme,contact@eyeseeme.com
Canterbury Book Store,908 Ludington St,Escanaba,MI,49829,(906)786-0751,https://www.facebook.com/canterburybookstore/,,Canterburybooks,canterburybookstore@gmail.com
"Hedgie’s Books, Toys & More",416 Main Street,Bedford,IA,50833,(712)523-2371,https://www.facebook.com/shophedgies/,,,shophedgies@yahoo.com
Paperbacks and Pieces,429 Mankato Avenue,Winona,MN,55987,(507)452-5580,https://www.facebook.com/paperbacks-and-pieces-92140131983/,pbooks77mn,,pbpieces@hbci.com
Redux Society,215 Southwest Boulevard,Kansas City,MO,64108,,http://facebook.com/reduxsociety,reduxsociety,,lucy@reduxsociety.org
Ferguson Books of Dickinson,32 1st Avenue West,Dickinson,North Dakota,58601-5101,(701)590-0300,http://www.fergusonbooks.com/fergusonbooksdickinson,,,dickinson@fergusonbooks.com
Ferguson Books of West Fargo,300 Sheyenne Street,West Fargo,ND,58078,(701)532-2106,http://www.facebook.com/fergusonbooks,fergusonbooks,FergsBooks,dane@fergusonbooks.com
The Silver Birch Christian Books and Gifts,104 W. Water St.,Decorah,IA,52101,(563)382-4432,https://www.facebook.com/The-Silver-Birch-Christian-Books-and-Gifts-101083739062537,,,silverbirchdecorah@gmail.com
Bookie's Bookstore,18109 Dixie Highway,Homewood,IL,60430,(708)377-0789,https://www.facebook.com/bookieshomewood/,bookieshomewood/?hl=en,BookiesHomewood,keith@bookiesbookstores.com
Zumbrota Literary Society,320 East Avenue,Zumbrota,MN,55992-1538,,http://www.facebook.com/ZumbrotaLiterarySociety,,,anna@gardenpartybooks.com
Zandbroz Variety Sioux Falls,209 S. Phillips Avenue,Sioux Falls,SD,57104,(605)331-5137,https://www.facebook.com/zandbrozvariety/,zandbroz,zandbrozvariety,greg@zandbroz.com
[words],4300 Glumack Dr,St. Paul,MN,55111,(952)454-1719,https://www.facebook.com/wordsatmsp,,,debra@debracadabrainc.com
Ferguson Books of Grand Forks,1720 South Washington Street,Grand Forks,North Dakota,58201,(701)738-8025,http://www.facebook.com/fergusonbooks,fergusonbooks,FergsBooks,dane@fergusonbooks.com
